cig;dd_numeri;capitoli;missioni;denominazioni_capitoli
B401D0A987;;;;
B44F1B5165;DD 2199/2025;;;
B560527FA9;DD 712/2025;140380103001;10;MANUTENZIONE STRAORDINARIA SUOLO - ATTRAVERSAMENTI PEDONALI VALLETTE - Settore 033
B542DFDE8A;DD 1776/2025;020100006001;01;GESTIONE PARCO VEICOLI - UTILIZZO BENI DI TERZI - NOLEGGIO AUTOMOTOVEICOLI - settore 055
B4CEA07B22;DD 1395/2025|DD 2338/2025;;;
B54DB3F8A0;DD 883/2025;136100002004;06;IMPIANTI SPORTIVI - MANUTENZIONE STRAORDINARIA - S.R.E. IVA - settore 062 - R.IVA
B44F1B83DE;DD 2199/2025|DD 7001/2025;078400001007;09;APP. AVANZO TRASFERIMENTI 1624 - VERDE PUBBLICO - ACQUISTO DI SERVIZI - LAVORI E MANUTENZIONI - settore 046
B49C012555;;;;
B44F1B730B;DD 2199/2025|DD 3138/2025|DD 7001/2025;078400001007;09;APP. AVANZO TRASFERIMENTI 1624 - VERDE PUBBLICO - ACQUISTO DI SERVIZI - LAVORI E MANUTENZIONI - settore 046
B527410E3C;DD 1776/2025;020100006001;01;GESTIONE PARCO VEICOLI - UTILIZZO BENI DI TERZI - NOLEGGIO AUTOMOTOVEICOLI - settore 055
B4C4402A33;;;;
B54A15D46E;DD 1250/2025|DD 4336/2025;140380004001;10;PONTI - VIE D'ACQUA - INFRASTRUTTURE - PNRR - C16E19000190001- PIANO COMPLEMENTARE - PROGETTO PARCO DEL VALENTINO - RIPRISTINO NAVIGABILITA' FIUME PO - VEDASI CAP. 32390002 ENTRATA - Sett. 34
B2F18B8686;;;;
B44F1B6238;DD 2199/2025;;;
B44F1BA584;DD 2199/2025|DD 3144/2025|DD 3143/2025|DD 3141/2025|DD 3138/2025|DD 4523/2025|DD 4986/2025|DD 7134/2025|DD 7001/2025;078400001001|078400001007|078400009001|078400014001;09;APP. AVANZO TRASFERIMENTI 1624 - VERDE PUBBLICO - ACQUISTO DI SERVIZI - LAVORI E MANUTENZIONI - settore 046 || VERDE PUBBLICO - ACQUISTO DI SERVIZI - LAVORI E MANUTENZIONE DEGLI IMPIANTI IRRIGUI - settore 046 || VERDE PUBBLICO - ACQUISTO DI SERVIZI - LAVORI E MANUTENZIONI - settore 046 || VERDE PUBBLICO - ACQUISTO DI SERVIZI - MANUTENZIONI URGENTI A SALVAGUARDIA DI ALBERATE ED AREE VERDI - settore 046
B44F1B94B1;DD 2199/2025|DD 7001/2025;078400001007;09;APP. AVANZO TRASFERIMENTI 1624 - VERDE PUBBLICO - ACQUISTO DI SERVIZI - LAVORI E MANUTENZIONI - settore 046
B479387F3B;;;;
B522FB559D;DD 1888/2025;108500002005;01;APP. AVANZO MUTUI - ORGANI ISTITUZIONALI PARTECIPAZIONE E DECENTRAMENTO - MANUTENZIONE STRAORDINARIA - settore 030
B44F1BB657;DD 2199/2025|DD 3156/2025|DD 3139/2025|DD 4523/2025|DD 4986/2025|DD 7134/2025;078400001001|078400009001|078400014001;09;VERDE PUBBLICO - ACQUISTO DI SERVIZI - LAVORI E MANUTENZIONE DEGLI IMPIANTI IRRIGUI - settore 046 || VERDE PUBBLICO - ACQUISTO DI SERVIZI - LAVORI E MANUTENZIONI - settore 046 || VERDE PUBBLICO - ACQUISTO DI SERVIZI - MANUTENZIONI URGENTI A SALVAGUARDIA DI ALBERATE ED AREE VERDI - settore 046
B52D0FAB11;DD 447/2025|DD 1886/2025;088810003002;12;LEGGE 285/97 - PROGETTI LEGGE 285/97 - PRESTAZIONI DI SERVIZI - SERVIZI DIVERSI - settore 007
B5485FCC69;DD 689/2025|DD 1243/2025;;;
B53F7ABAF3;DD 514/2025;;;
B2F94DFAAE;;;;
B5BCFF8853;DD 1574/2025;078300001001;09;VERDE PUBBLICO - ACQUISTO DI MATERIALI - MATERIALI VARI - settore 046
B492769AAA;;;;
B5A2AB664B;DD 934/2025;047050004001;12;DIREZIONE ISTRUZIONE - PRESTAZIONI DI SERVIZI - INTERVENTI DI ASSISTENZA SPECIALISTICA A FAVORE DI ALUNNI CON DISABILITA' - settore 007
B5988F7C26;DD 1630/2025|DD 4045/2025;;;
B5D6E30B4C;DD 2068/2025|DD 3744/2025;;;
B5730BA716;DD 890/2025;;;
B5956D2AB9;DD 964/2025|DD 1598/2025;051400014002;05;CULTURA - PRESTAZIONI DI SERVIZI - INIZIATIVE VARIE DI CARATTERE INTERCULTURALE - VEDASI CAP. 15000006 ENTRATA - settore 045
B4784D7066;;;;
B5AC71A50C;DD 1303/2025|DD 5848/2025;;;
B59EFE198F;DD 1135/2025;060500008002;07;TURISMO - ACQUISTO DI BENI E SERVIZI - EVENTI DI PROMOZIONE TORINO - Settore 69
B492978D8E;;;;
B5D6E32CF2;DD 3744/2025;;;
B59EEED037;DD 1132/2025;060500010001;07;TURISMO - ACQUISTO DI BENI E SERVIZI - PROGETTO UNESCO RESIDENZE DELLA FAMIGLIA REALE DI SAVOIA - VEDASI CAP. 6500002 ENTRATA - SETT. 69
B5D732C84A;DD 1430/2025|DD 1961/2025|DD 2721/2025|DD 4687/2025;021750002001|021750006001;01;ELEZIONI - SERVIZI IN OCCASIONE DI REFERENDUM - VEDASI CAP. 5000002 ENTRATA - settore 018 || SERVIZIO ELETTORALE - SPESE DERIVANTI DA AGGIORNAMENTO LISTE ELETTORALI DA DISPOSIZIONI MINISTERIALI - Sett.018
B5D6E31C1F;DD 3744/2025;;;
B5B0327340;DD 1234/2025;012600029001;01;TRIBUTI E CATASTO - ACQUISTO DI SERVIZI - ACCESSO A BANCHE DATI E PUBBLICAZIONI ONLINE - settore 013
B2C8738079;;;;
B3EF82988D;DD 8414/2025;046500001006;04;SERVIZI AUSILIARI ALL' ISTRUZIONE - SPESE GENERALI - MANUTENZIONE E PULIZIA LOCALI - settore 007
B5C591E604;DD 1265/2025|DD 5021/2025;048700001001|048700001003|048800003007;05;BIBLIOTECHE CIVICHE - ACQUISTO DI MATERIALI - GIORNALI E RIVISTE - settore 025 || BIBLIOTECHE CIVICHE - ACQUISTO DI SERVIZI PER PROGETTO LA STAMPA - VEDASI CAP. 1510078001 ENTRATA - SETT.25 1564 || BIBLIOTECHE CIVICHE - ACQUISTO MATERIALI PER PROGETTO LA STAMPA - VEDASI CAP. 15100078001 ENTRATA - SETT.25 1564
B339965E5C;;;;
B5C6011219;DD 1271/2025|DD 1788/2025;;;
B338E3C8B2;;;;
B33978D8DC;;;;
B5842E680E;DD 757/2025;038600005001;04;SCUOLE MATERNE - ACQUISTO DI SERVIZI - PULIZIA - ASSISTENZA EDUCATIVA - SERVIZI ACCESSORI - settore 007
B5CA57014A;DD 1344/2025;078630003001;01;GESTIONE GRANDI OPERE - PRESTAZIONI DI SERVIZI - INCARICHI E SERVIZI PROFESSIONALI - settore 117
B5C065CAC5;DD 3669/2025|DD 5722/2025;;;
B3389B4B6E;;;;
B5D1F428C8;DD 1472/2025;123100203003;03;APP. AVANZO TRASFERIMENTI - POLIZIA LOCALE - ACQUISTI ATTREZZATURE - VEICOLI - PROGETTO SCUOLE SICURE - VEDASI CAP. 31500000 ENTRATA - sett. 048
B33951E6BF;;;;
B571B6B17C;DD 714/2025;003610002001;01;GABINETTO DEL SINDACO - COORD. ATTIVITA' DI SUPPORTO AL CAPO GABINETTO - LOOK E SPONSORIZZAZIONI DELLA CITTA' - ATTIVITA' PROMOZIONALI URBANA DI LOOK E VARIE - settore 001
B5CC4E9A20;DD 1344/2025;078630003001;01;GESTIONE GRANDI OPERE - PRESTAZIONI DI SERVIZI - INCARICHI E SERVIZI PROFESSIONALI - settore 117
B5CDA49DC2;DD 1893/2025;144500001006;08;ATTUAZIONE LEGGI NN. 167/62-865/71-10/77-457/78 - OPERE DI URB. PRIM. E SEC. RESTAURI DEL PATRIMONIO COM.LE E RISANAMENTO DI COMPLESSI EDILIZI - VEDANSI CAPP. 36200001/002/003/004/005/006 E - sett 030
B5856A31EE;DD 1540/2025;119400002002;01;ALTRI SERVIZI GENERALI - MANUTENZIONE STRAORDINARIA - settore 030
B5CF989793;DD 1490/2025;091700002002;14;MANUTENZIONE ORDINARIA DEGLI IMPIANTI PUBBLICITARI - settore 013
B5615C6702;DD 713/2025;026900008001;01;SISTEMI INFORMATIVI - ACQUISTO DI SERVIZI - SERVIZI DI ENDPOINT MANAGEMENT ASSISTENZA PDL - settore 027
B59E4859CD;DD 894/2025;038600005001;04;SCUOLE MATERNE - ACQUISTO DI SERVIZI - PULIZIA - ASSISTENZA EDUCATIVA - SERVIZI ACCESSORI - settore 007
B62F573480;DD 7156/2025;;;
B62F5723AD;DD 6799/2025|DD 7607/2025;;;
B61B17AAB7;DD 1813/2025;;;
B5DDF30B70;DD 1454/2025;010900000001;01;SPESE GENERALI PER GESTIONE INDEBITAMENTO - settore 024
B60B59E372;DD 2083/2025;020100006001;01;GESTIONE PARCO VEICOLI - UTILIZZO BENI DI TERZI - NOLEGGIO AUTOMOTOVEICOLI - settore 055
B5E2A61838;DD 2860/2025|DD 3065/2025|DD 4851/2025;;;
B6123158C0;DD 3937/2025|DD 7197/2025|DD 6712/2025|DD 8899/2025|DD 8651/2025;;;
B62F570207;DD 7271/2025|DD 7267/2025|DD 7908/2025;;;
B638454CC9;DD 2301/2025;;;
B62F56F134;DD 7773/2025|DD 8881/2025;;;
B5E102FA40;DD 2301/2025;;;
B648E05E30;DD 3249/2025|DD 8944/2025;144500001006;08;ATTUAZIONE LEGGI NN. 167/62-865/71-10/77-457/78 - OPERE DI URB. PRIM. E SEC. RESTAURI DEL PATRIMONIO COM.LE E RISANAMENTO DI COMPLESSI EDILIZI - VEDANSI CAPP. 36200001/002/003/004/005/006 E - sett 030
B62F5712DA;DD 6744/2025|DD 6687/2025;;;
B5F37101C1;DD 2164/2025|DD 3588/2025|DD 4113/2025|DD 5344/2025|DD 6245/2025|DD 7241/2025|DD 7803/2025|DD 7802/2025|DD 7651/2025;;;
B5E53564B8;DD 3992/2025;082400058001;06;POLITICHE GIOVANILI E INTERCULTURA - ACQUISTO DI SERVIZI - ALTRE PRESTAZIONI PROFESSIONALI E SPECIALISTICHE- SETT. 50
B599581522;DD 1039/2025;118630008005;01;SISTEMI INFORMATIVI - PN METRO PLUS - GESTIONE DELLA RELAZIONE CITTADINO - IMPRESE - TO1.1.2.1.E - VEDASI CAP.032500002001 ENTRATA - SETT.27
B61F433A67;DD 1941/2025|DD 6139/2025|DD 7045/2025;;;
B63BC6B637;DD 2080/2025;130700003001|157900002001;04|12;DIREZIONE ISTRUZIONE - ACQUISTI - MATERIALI DIVERSI - settore 005 || SCUOLE MATERNE - ACQUISTO ATTREZZATURE PER ALUNNI DISABILI - set. 005
B5F842B2E4;DD 1771/2025;098700011001|098700013003;14;COMMERCIO E MERCATI - ACQUISTO DI BENI E SERVIZI - ATTIVITA' DI PROMOZIONE DEL COMMERCIO - SETT. 134 || COMMERCIO E MERCATI - ACQUISTO DI BENI E SERVIZI - SPAZI PUBLICITARI TV RADIO WEB CARTA STAMPATA - SETT. 134
B60CA5C166;DD 2083/2025;020100006001;01;GESTIONE PARCO VEICOLI - UTILIZZO BENI DI TERZI - NOLEGGIO AUTOMOTOVEICOLI - settore 055
B63C1F9BAE;DD 3247/2025|DD 3162/2025;;;
B60C311CB0;DD 2083/2025;020100006001;01;GESTIONE PARCO VEICOLI - UTILIZZO BENI DI TERZI - NOLEGGIO AUTOMOTOVEICOLI - settore 055
B599491F11;DD 974/2025;118630008005;01;SISTEMI INFORMATIVI - PN METRO PLUS - GESTIONE DELLA RELAZIONE CITTADINO - IMPRESE - TO1.1.2.1.E - VEDASI CAP.032500002001 ENTRATA - SETT.27
B62ED27BB6;DD 2551/2025;003850006001;01;GABINETTO DEL SINDACO - COMUNICAZIONE ISTITUZIONALE ED INFORMAZIONE - PRESTAZIONI DI SERVIZI - SPESE PER LA COMUNICAZIONE - settore 001
B60CFD8802;DD 2083/2025;020100006001;01;GESTIONE PARCO VEICOLI - UTILIZZO BENI DI TERZI - NOLEGGIO AUTOMOTOVEICOLI - settore 055
B639EBB67F;DD 3476/2025|DD 4388/2025;;;
B5E96C9DE3;DD 1573/2025;098700001004|098700011001;14;COMMERCIO E MERCATI - ACQUISTO DI BENI E SERVIZI - ATTIVITA' DI PROMOZIONE DEL COMMERCIO - SETT. 134 || DA AVANZO - COMMERCIO E ATTIVITA' PRODUTTIVE - ACQUISTO DI SERVIZI - GESTIONE E SISTEMAZIONE AREE MERCATALI - MANUT. E GESTIONE ATTREZZATURE DIVERSE E SERVIZI DIVERSI PER IL COMMERCIO - sett 016
B627DC3F8F;DD 2073/2025;086300008009;12;SERVIZI SOCIALI - PRESTAZIONI DI SERVIZI - INTERVENTI A FAVORE DI STRANIERI E NOMADI - FORMAZIONE - VEDASI CAP. 6570000- ENTRATA - settore 019
B627AEA5FB;DD 2074/2025;086300008009;12;SERVIZI SOCIALI - PRESTAZIONI DI SERVIZI - INTERVENTI A FAVORE DI STRANIERI E NOMADI - FORMAZIONE - VEDASI CAP. 6570000- ENTRATA - settore 019
B61180795C;DD 1807/2025;;;
B620AFA64D;DD 2000/2025|DD 3950/2025;002610005001;01;ALTRI SERVIZI GENERALI - ACQUISTO BENI DI CONSUMO - ACQUISTO MATERIALI DI CONSUMO - MATERIALE VARIO - settore 005
B5EE5DAD4A;DD 1772/2025;122900009001;03;POLIZIA MUNICIPALE - ACQUISTI - ATTREZZ.TECN.HARDWARE PER RETI DI RADIOCOMUNICAZIONE - SISTEMI DI TELECOMUNICAZIONE E SICUREZZA - VEDASI CAP. 37450022 E - settore 48
B6030C4182;DD 1867/2025|DD 7549/2025;075700006001;09;TUTELA ANIMALI - ACQUISTO DI SERVIZI - TUTELA ANIMALI IN CITTA' - settore 110
B638B2F511;DD 2545/2025;;;
B6314998D9;DD 3427/2025|DD 3285/2025;;;
B63A155C17;DD 2072/2025;086300010004;12;SERVIZI SOCIALI - PRESTAZIONI DI SERVIZI - INTERVENTI A FAVORE DI MINORI A RISCHIO - FORMAZIONE - VEDASI CAP. 4850000 ENTRATA - settore 019
B60B07A572;DD 1739/2025;054200001006;06;SPORT E TEMPO LIBERO - SPESE GENERALI - MANUTENZIONE E PULIZIA LOCALI - settore 062 - S.R.E. IVA
B59966621D;DD 1085/2025;118630008004;01;SISTEMI INFORMATIVI - PN METRO PLUS - CONDIVISIONE TRASPARENZA E GOVERNO DATI -TO1.1.2.1.D - VEDASI CAP.032500002001 ENTRATA - SETT.27
B5F5E4C253;DD 2406/2025;163700007002;14;INNOVAZIONE FONDI EUROPEI- PROGETTO 5G4LIVES ATTREZZATURE - VEDASI CAP. 035300018 - sett.028
B60E22A652;DD 1880/2025;002610001001;01;ALTRI SERVIZI GENERALI - ACQUISTO BENI DI CONSUMO - CARTA CANCELLERIA E STAMPATI - settore 005
B6219332F4;DD 3167/2025|DD 4508/2025|DD 4242/2025|DD 7066/2025|DD 6746/2025|DD 8021/2025|DD 8728/2025;140800004001;10;SUOLO E PARCHEGGI- POC METRO - PEDONALIZZAZIONE E RIQUALIFICAZIONE DELLA VIA COAZZE COMPRESA TRA VIA ALMESE E VIA SAFFI - VEDASI CAP. 032500010 ENTRATA - sett. 033
B62F287B39;DD 3166/2025|DD 6048/2025|DD 8623/2025;;;
B60338CD0E;DD 1773/2025;122900009003;03;APP. AVANZO TRASFERIMENTI - POLIZIA MUNICIPALE - ACQUISTI - ATTREZZ. TECN.HARDWARE PER RETI DI RADIOCOMUNICAZIONE - SISTEMI DI TELECOMUNICAZIONE E SICUREZZA - VEDASI CAP. 37450022 E - settore 48
B67039FE7B;DD 4276/2025;136100018001;06;IMPIANTI SPORTIVI - MANUTENZIONE STRAORDINARIA - MONUMENTO DELL'HEYSEL - VEDASI CAP. 34460002 ENTRATA - sett. 062
B65D5C01D9;DD 2506/2025;108500002001;01;ORGANI ISTITUZIONALI PARTECIPAZIONE E DECENTRAMENTO - MANUTENZIONE STRAORDINARIA - settore 030
B5F89C9590;DD 2310/2025;118630008003;01;SISTEMI INFORMATIVI - PN METRO PLUS - DIGITALIZZAZIONE E CHANGE MANAGEMENT - TO1.1.2.1.C - VEDASI CAP.032500002001 ENTRATA - SETT.27
B6634618F1;DD 3586/2025;113800009001;01;PNRR M5C2-I2.2 CUP C12F22000100001 PIU A10 - MANUTENZIONE STRAORDINARIA E RIQUALIFICAZIONE EDIFICI VIA FREJUS 21 E VIA BIXIO 56 - VEDASI CAP. 31520008 ENTRATA - SETT. 30
B69E8EDCF1;DD 4709/2025|DD 5794/2025;108500002001;01;ORGANI ISTITUZIONALI PARTECIPAZIONE E DECENTRAMENTO - MANUTENZIONE STRAORDINARIA - settore 030
B663F6D6AF;DD 2247/2025;;;
B660ED08BE;DD 5445/2025;157600004002;12;PNRR M5C2-I2.2 CUP C12F22000080001 PIU A11 - MANUTENZIONE STRAORDINARIA CENTRI PROTAGONISMO GIOVANILE L'ISOLA CHE NON C'E' E CENTRO DENTRO - VEDASI CAP. 31520008 ENTRATA - SETT. 30
B6A2D3AA06;DD 2954/2025;078400002001;09;VERDE PUBBLICO - ACQUISTO DI SERVIZI - POTATURE, INTERVENTI DENDROLOGICI, MANUTENZIONE VERDE VERTICALE - settore 046
B668D08175;DD 5645/2025;;;
B5FD0B6D2F;DD 1810/2025;068620008001;08;EDILIZIA - PRESTAZIONI DI SERVIZI - ATTIVITA' DI MANTENIMENTO ED AGGIORNAMENTO DEL SISTEMA INFORMATIVO TERRITORIALE (SIT) - settore 020
B625CF0931;DD 2223/2025;118630008004;01;SISTEMI INFORMATIVI - PN METRO PLUS - CONDIVISIONE TRASPARENZA E GOVERNO DATI -TO1.1.2.1.D - VEDASI CAP.032500002001 ENTRATA - SETT.27
B61FF48F90;DD 2141/2025;118630008003;01;SISTEMI INFORMATIVI - PN METRO PLUS - DIGITALIZZAZIONE E CHANGE MANAGEMENT - TO1.1.2.1.C - VEDASI CAP.032500002001 ENTRATA - SETT.27
B667F6616B;DD 2244/2025;028300002002;01;COMUNICAZIONE ISTITUZIONALE ED INFORMAZIONE - SPESE PUBBLICITARIE A CARATTERE ISTITUZIONALE - QUOTIDIANI E PERIODICI - LEGGE N. 122/2010 - ART. 6 COMMA 8 - settore 001
B6A4A1AE17;DD 3501/2025;;;
B68084FEC5;DD 3013/2025;075900003004;09;CIRCOSCRIZIONI COMUNALI - PRESTAZIONI DI SERVIZI - MANUTENZIONE AREE VERDI - settore 090
B68E02C19B;DD 2744/2025;;;
B659A45C1E;DD 2187/2025;002610001001;01;ALTRI SERVIZI GENERALI - ACQUISTO BENI DI CONSUMO - CARTA CANCELLERIA E STAMPATI - settore 005
B665E6229B;DD 3049/2025;020100005001;03;GESTIONE PARCO VEICOLI - UTILIZZO BENI DI TERZI - SERVIZI ESCLUSI - NOLEGGIO VEICOLI PER IL CORPO DI POLIZIA MUNICIPALE - settore 055
B6930D7359;DD 2570/2025;021750002001;01;ELEZIONI - SERVIZI IN OCCASIONE DI REFERENDUM - VEDASI CAP. 5000002 ENTRATA - settore 018
B694654EE7;DD 2553/2025|DD 3649/2025;081200002001;12;CONTRASTO ALLA DISPERSIONE, ORIENTAMENTO, INCLUSIONE - ACQUISTO DI SERVIZI - INTERVENTI PER IL SUCCESSO SCOLASTICO - settore 007
B6635A75F8;DD 3586/2025|DD 4842/2025;113800009001;01;PNRR M5C2-I2.2 CUP C12F22000100001 PIU A10 - MANUTENZIONE STRAORDINARIA E RIQUALIFICAZIONE EDIFICI VIA FREJUS 21 E VIA BIXIO 56 - VEDASI CAP. 31520008 ENTRATA - SETT. 30
B6734739D0;DD 2415/2025;028300002002;01;COMUNICAZIONE ISTITUZIONALE ED INFORMAZIONE - SPESE PUBBLICITARIE A CARATTERE ISTITUZIONALE - QUOTIDIANI E PERIODICI - LEGGE N. 122/2010 - ART. 6 COMMA 8 - settore 001
B66C9B7557;DD 3049/2025;020100005001;03;GESTIONE PARCO VEICOLI - UTILIZZO BENI DI TERZI - SERVIZI ESCLUSI - NOLEGGIO VEICOLI PER IL CORPO DI POLIZIA MUNICIPALE - settore 055
B657A8BDA1;DD 2352/2025|DD 5129/2025;075700006001;09;TUTELA ANIMALI - ACQUISTO DI SERVIZI - TUTELA ANIMALI IN CITTA' - settore 110
B696F50131;DD 2568/2025;;;
B67E86F0F1;DD 2416/2025;098700011001;14;COMMERCIO E MERCATI - ACQUISTO DI BENI E SERVIZI - ATTIVITA' DI PROMOZIONE DEL COMMERCIO - SETT. 134
B647BE8B9E;DD 3023/2025;097200041004;14;APP. AVANZO TRASFERIMENTI - INNOVAZIONE FONDI EUROPEI - ACQUISTO DI BENI E SERVIZI - PROGETTO TIPS4PED - VEDASI CAP. 012500075 ENTRATA - sett. 068
B6A4ADEFD5;DD 3500/2025;;;
B6930EE653;DD 2570/2025;021750002001;01;ELEZIONI - SERVIZI IN OCCASIONE DI REFERENDUM - VEDASI CAP. 5000002 ENTRATA - settore 018
B677F10C74;DD 2580/2025|DD 3239/2025;018300001002;01;EDILIZIA SCOLASTICA - ACQUISTO DI SERVIZI - INCARICHI DI PROGETTAZIONE - settore 031
B69310CF12;DD 2570/2025;021750002001;01;ELEZIONI - SERVIZI IN OCCASIONE DI REFERENDUM - VEDASI CAP. 5000002 ENTRATA - settore 018
B6A7EDC79A;DD 4031/2025|DD 5643/2025;108500002001;01;ORGANI ISTITUZIONALI PARTECIPAZIONE E DECENTRAMENTO - MANUTENZIONE STRAORDINARIA - settore 030
B65C8D372B;DD 2506/2025;108500002001;01;ORGANI ISTITUZIONALI PARTECIPAZIONE E DECENTRAMENTO - MANUTENZIONE STRAORDINARIA - settore 030
B6689D3BEF;DD 2137/2025|DD 4762/2025|DD 6015/2025;068300001002|068300011001;08;URBANISTICA - ACQUISTO DI SERVIZI - ATTIVITA' DI REVISIONE PRG - settore 125 || URBANISTICA - ACQUISTO DI SERVIZI - ATTIVITA' DI REVSIONE PRG - VEDASI CAP. 015100079 ENTRATA - Sett. 125
B683B3A39B;DD 2556/2025;086300008009;12;SERVIZI SOCIALI - PRESTAZIONI DI SERVIZI - INTERVENTI A FAVORE DI STRANIERI E NOMADI - FORMAZIONE - VEDASI CAP. 6570000- ENTRATA - settore 019
B6557332FF;DD 2182/2025;008700000001|034300009001;01|03;ERARIO C/I.V.A. - I.V.A. A DEBITO - settore 024 || P0LIZIA MUNICIPALE - PRESTAZIONI DI SERVIZI - FORMAZIONE ED AGGIORNAMENTO PERSONALE POLIZIA MUNICIPALE - VEDASI CAP. 8700000 ENTRATA - settore 048
B68863EB3D;DD 2511/2025;008700000001|034100008004;01|03;ERARIO C/I.V.A. - I.V.A. A DEBITO - settore 024 || POLIZIA MUNICIPALE - ACQUISTO DI MATERIALI - ACQUISTO DI PUBBLICAZIONI - VEDASI CAP. 8700000 ENTRATA - settore 048
B649A535A9;DD 2188/2025;009800001001;01;ALTRI SERVIZI GENERALI - NOLEGGIO FOTOCOPIATORI E MACCHINE VARIE PER UFFICIO - settore 005
B690B80303;DD 2513/2025;021750002001;01;ELEZIONI - SERVIZI IN OCCASIONE DI REFERENDUM - VEDASI CAP. 5000002 ENTRATA - settore 018
B61FDD1A1C;DD 2350/2025;118630008003;01;SISTEMI INFORMATIVI - PN METRO PLUS - DIGITALIZZAZIONE E CHANGE MANAGEMENT - TO1.1.2.1.C - VEDASI CAP.032500002001 ENTRATA - SETT.27
B67EA25A61;DD 2398/2025|DD 5798/2025;002610006001;01;ALTRI SERVIZI GENERALI - ACQUISTO BENI DI CONSUMO - DISPOSITIVI ANTI- COVID - settore 005
B67A0B5024;DD 2629/2025;018940001006;01;SISTEMA SICUREZZA E PRONTO INTERVENTO - PRESTAZIONI DI SERVIZI - MANUTENZIONE E PULIZIA LOCALI - settore 111
B66D2BE86F;DD 3049/2025;020100005001;03;GESTIONE PARCO VEICOLI - UTILIZZO BENI DI TERZI - SERVIZI ESCLUSI - NOLEGGIO VEICOLI PER IL CORPO DI POLIZIA MUNICIPALE - settore 055
B68A1F9D84;DD 3173/2025;136100011001;06;PNRR - M5C2 I3.1 - CUP C15B22000090006 - LOTTO 1 - PARCO DELLO SPORT E DELL'EDUCAZIONE AMBIENTALE REALIZZAZIONE CITTADELLA DELLO SPORT - VEDASI CAP. 32460007 ENTRATA - SETT 62
B665941714;DD 3049/2025;020100005001;03;GESTIONE PARCO VEICOLI - UTILIZZO BENI DI TERZI - SERVIZI ESCLUSI - NOLEGGIO VEICOLI PER IL CORPO DI POLIZIA MUNICIPALE - settore 055
B654D7480D;DD 2294/2025;021750006001;01;SERVIZIO ELETTORALE - SPESE DERIVANTI DA AGGIORNAMENTO LISTE ELETTORALI DA DISPOSIZIONI MINISTERIALI - Sett.018
B6817A6771;DD 2400/2025;080200013001;12;ASILI NIDO ED INTERVENTI INNOVATIVI PER LA PRIMA INFANZIA - ACQUISTO DI SERVIZI - GESTIONE ESTERNA NIDI - SPESE VARIE - SRE IVA - settore 007
B65DE11EBD;DD 2478/2025;;;
B693206D61;DD 2528/2025|DD 4946/2025;045800005001;04;ASSISTENZA SCOLASTICA - ACQUISTO DI SERVIZI - PULIZIA EDIFICI SCOLASTICI - Sett. 007
B64470BBD5;DD 2235/2025|DD 6711/2025;002610006001;01;ALTRI SERVIZI GENERALI - ACQUISTO BENI DI CONSUMO - DISPOSITIVI ANTI- COVID - settore 005
B70BDDE29D;DD 3380/2025|DD 6341/2025;046150024001;04;PROGETTI EDUCATIVI - PRESTAZIONI DI SERVIZI - QUOTE ASSICURATIVE - ATTIVITA' EDUCATIVE - settore 007
B6CA7BA528;DD 2883/2025;021750002001;01;ELEZIONI - SERVIZI IN OCCASIONE DI REFERENDUM - VEDASI CAP. 5000002 ENTRATA - settore 018
B7023993F5;DD 4942/2025|DD 4922/2025|DD 5189/2025|DD 7673/2025;;;
B6FDD7D8CB;DD 3326/2025|DD 9057/2025;020650007001;01;EDILIZIA ABITATIVA PUBBLICA E PER IL SOCIALE - ACQUISTO DI SERVIZI - INCARICHI DI PROGETTAZIONE - Settore 063
B67E3B5A68;DD 2607/2025;118630008001;01;SISTEMI INFORMATIVI - PN METRO PLUS - SERVIZI DIGITALI ALLA PERSONA - TO1.1.2.1.A - VEDASI CAP.032500002001 ENTRATA - SETT.27
B6BF1D5A7F;DD 3228/2025;;;
B64AA0E0DA;DD 6991/2025;086300038001;12;SERVIZI SOCIALI - PRESTAZIONI DI SERVIZI - PROGETTO SPECIALI F.A.M.I. - VEDASI CAP. 6620001 entrata - sett. 19
B70C3BB945;DD 3256/2025;026900003001;01;SISTEMI INFORMATIVI - ACQUISTO DI SERVIZI - SISTEMA INFORMATIVO COMUNALE - settore 027
B64AA0D007;DD 3006/2025|DD 6786/2025;086300038001;12;SERVIZI SOCIALI - PRESTAZIONI DI SERVIZI - PROGETTO SPECIALI F.A.M.I. - VEDASI CAP. 6620001 entrata - sett. 19
B6FC6940DA;DD 3226/2025;008700000001;01;ERARIO C/I.V.A. - I.V.A. A DEBITO - settore 024
B6BC32D9FF;DD 2998/2025;;;
B6FD2D7F38;DD 4663/2025|DD 5086/2025;060500010001;07;TURISMO - ACQUISTO DI BENI E SERVIZI - PROGETTO UNESCO RESIDENZE DELLA FAMIGLIA REALE DI SAVOIA - VEDASI CAP. 6500002 ENTRATA - SETT. 69
B6D89E2672;DD 3045/2025|DD 5938/2025;021750002001;01;ELEZIONI - SERVIZI IN OCCASIONE DI REFERENDUM - VEDASI CAP. 5000002 ENTRATA - settore 018
B6BA8BD8DE;DD 3179/2025;060500010001;07;TURISMO - ACQUISTO DI BENI E SERVIZI - PROGETTO UNESCO RESIDENZE DELLA FAMIGLIA REALE DI SAVOIA - VEDASI CAP. 6500002 ENTRATA - SETT. 69
B6CF28803E;DD 5446/2025;164150005003;14;PNRR M5C2-I2.2 CUP C12F22000020006 PIU A19 - MANUTENZIONE STRAORDINARIA DIFFUSA DEI MERCATI NITTI, BALTIMORA, DON GRIOLI E SEBASTOPOLI - VEDASI CAP. 31520008 ENTRATA - SETT. 62
B6EC7B1A03;DD 3040/2025;157400005003;12;APP. AVANZO LEGGI - SERVIZI SOCIALI - ACQUISTI - MOBILI E ARREDI - VEDASI CAP. 29400 ENTRATA - SETT. 05 - 900
B6F1289D57;DD 3188/2025;157400005003;12;APP. AVANZO LEGGI - SERVIZI SOCIALI - ACQUISTI - MOBILI E ARREDI - VEDASI CAP. 29400 ENTRATA - SETT. 05 - 900
B69F8650DA;DD 2756/2025;;;
B6CE6E1297;DD 3453/2025;;;
B6E8D47596;DD 3250/2025;;;
B6CFD111E0;DD 5446/2025;164150005003;14;PNRR M5C2-I2.2 CUP C12F22000020006 PIU A19 - MANUTENZIONE STRAORDINARIA DIFFUSA DEI MERCATI NITTI, BALTIMORA, DON GRIOLI E SEBASTOPOLI - VEDASI CAP. 31520008 ENTRATA - SETT. 62
B6C0F314E7;DD 2754/2025;021750002001;01;ELEZIONI - SERVIZI IN OCCASIONE DI REFERENDUM - VEDASI CAP. 5000002 ENTRATA - settore 018
B6F22939B9;DD 3305/2025|DD 4704/2025;087300002001|087300018001;12;SERVIZI SOCIALI - PRESTAZIONI DI SERVIZI - INTERVENTI A FAVORE DI DISABILI - settore 019 || SERVIZI SOCIALI - PRESTAZIONI DI SERVIZI - INTERVENTI IN FAVORE DI ANZIANI - S.R.E. IVA - settore 019
B6D9423CA8;DD 4637/2025|DD 4270/2025|DD 6304/2025;132500002002|174800000008;05|99;BIBLIOTECHE MUSEI E PINACOTECHE - MANUTENZIONE STRAORDINARIA E RESTAURI - settore 060 || DEPOSITI CAUZIONALI IN DENARO DA TERZI PRESSO LA CITTA' - settore 020
B6CDAA4926;DD 2809/2025;018940004001;01;SISTEMA SICUREZZA E PRONTO INTERVENTO - PRESTAZIONI DI SERVIZI - FORMAZIONE ED INFORMAZIONE - PUBBLICAZIONI - D.LGS.81/2008 - settore 111
B6F4803EAF;DD 8516/2025;026900017001;01;SISTEMI INFORMATIVI - ACQUISTO DI BENI E SERVIZI - LICENZE D'USO PER SOFTWARE - SETT. 27
B6C6277D10;DD 2890/2025;098700014003;14;COMMERCIO E MERCATI - ACQUISTO DI MATERIALI - MATERIALI VARI - settore 134
B66D4ED5BD;DD 3828/2025;082600001004;12;CIRCOSCRIZIONI COMUNALI - PRESTAZIONI DI SERVIZI - INTERVENTI DI PREVENZIONE E RECUPERO DEL DISAGIO GIOVANILE - settore 085
B701D536A4;DD 3208/2025;021750002001;01;ELEZIONI - SERVIZI IN OCCASIONE DI REFERENDUM - VEDASI CAP. 5000002 ENTRATA - settore 018
B6D1C8134B;DD 4285/2025;;;
B6B6ABEFB2;DD 2790/2025;008700000001|034100008004;01|03;ERARIO C/I.V.A. - I.V.A. A DEBITO - settore 024 || POLIZIA MUNICIPALE - ACQUISTO DI MATERIALI - ACQUISTO DI PUBBLICAZIONI - VEDASI CAP. 8700000 ENTRATA - settore 048
B6D8A1D722;DD 3231/2025;118630008002;01;SISTEMI INFORMATIVI - PN METRO PLUS - SERVIZI DIGITALI ALLE IMPRESE - TO1.1.2.1.B - VEDASI CAP.032500002001 ENTRATA - SETT.27
B6ECEA67BE;DD 3385/2025;157600004001;12;PNRR M5C2-I2.2 CUP: C12B22000000001- PIU A9 - MANUTENZIONE STRAORDINARIA CENTRO PROTAGONISMO GIOVANILE E CENTRI SOCIO ASSISTENZIALI STRADA DELLE CACCE 36 - VEDASI CAP. 31520008 ENTRATA - SETT. 30
B6C298923B;DD 2836/2025;021750002001;01;ELEZIONI - SERVIZI IN OCCASIONE DI REFERENDUM - VEDASI CAP. 5000002 ENTRATA - settore 018
B6EB1C4207;DD 3829/2025;088810001027;12;LEGGE 285/97 - PROGETTI LEGGE 285/97 - PRESTAZIONI DI SERVIZI - SERVIZI DIVERSI - settore 085
B6D102F886;DD 2864/2025;021750002001;01;ELEZIONI - SERVIZI IN OCCASIONE DI REFERENDUM - VEDASI CAP. 5000002 ENTRATA - settore 018
B714BFDACE;DD 4920/2025|DD 4280/2025|DD 6488/2025;108500004001|123100002001;01|03;ORGANI ISTITUZIONALI PARTECIPAZIONE E DECENTRAMENTO - CASERME E COMMISSARIATI - MANUTENZIONE STRAORDINARIA - settore 030 || POLIZIA MUNICIPALE - MANUTENZIONE STRAORDINARIA - settore 030
B6C3E40A65;DD 4107/2025;152000026002|152000026004;09;APP. AVANZO TRASFERIMENTI - GRANDI OPERE DEL VERDE - VIVAIO FORESTALE COMPLESSO BONAFOUS DI CHIERI - VEDASI CAP. 046500102 ENTRATA - sett. 117 || GRANDI OPERE DEL VERDE - VIVAIO FORESTALE COMPLESSO BONAFOUS DI CHIERI - VEDASI CAP. 046500102 ENTRATA - sett. 117
B6D614C858;DD 2977/2025;098700014003;14;COMMERCIO E MERCATI - ACQUISTO DI MATERIALI - MATERIALI VARI - settore 134
B6D8A8E463;DD 3212/2025;033900001018;03;POLIZIA LOCALE E AMMINISTRATIVA - SPESE GENERALI - SPESE DI FUNZIONAMENTO - MANUTENZIONE ORDINARIA E RIPARAZIONI DI ATTREZZATURE - settore 048
B6CA140CEC;DD 2765/2025|DD 3136/2025;;;
B6E58E4A79;DD 4331/2025|DD 5681/2025|DD 6861/2025|DD 7474/2025|DD 8766/2025;108630001002;01;APP. AVANZO MUTUI - AXTO VALLETTE - MANUTENZIONE STRAORDINARIA COPERTURA E FACCIATE EDIFICIO PIAZZA MONTALE N.10-12 - Settore 030
B6BC8B5A84;DD 2808/2025;;;
B69B3660E2;DD 2525/2025;003610005001;01;GABINETTO DEL SINDACO - COORD. ATTIVITA' DI SUPPORTO AL CAPO GABINETTO - LOOK E SPONSORIZZAZIONI DELLA CITTA' - STAND SALONE DEL LIBRO - sett. 01
B6C3D8F855;DD 4357/2025;152000026001|152000026003;09;APP. AVANZO TRASFERIMENTI - GRANDI OPERE DEL VERDE - EFFICIENTAMENTO ENERGETICO SERRE COMPLESSO BONAFOUS DI CHIERI - VEDASI CAP. 046500102 ENTRATA - sett. 117 || GRANDI OPERE DEL VERDE - EFFICIENTAMENTO ENERGETICO SERRE COMPLESSO BONAFOUS DI CHIERI - VEDASI CAP. 046500102 ENTRATA - sett. 117
B6B698C331;DD 3661/2025;071600007002;11;PROTEZIONE CIVILE - ACQUISTO DI MATERIALI - MATERIALI VARI PER SISTEMA DI TRASMISSIONI - VEDASI CAP. 15000010 ENTRATA - settore 048
B75CF010F9;DD 4644/2025;157600005001;12;PNRR M5C2-I2.2 CUP C17H22000150006 PIU A20 - MANUTENZIONE STRAORD. CON PARZIALE RIFUNZION. STABILE DI VIA LEONCAVALLO 17/27 E VIA PACINI 18 PARTE SOCIALE - VEDASI CAP. 31520008 ENTRATA - SETT 63
B75947614F;DD 3905/2025|DD 4939/2025|DD 4016/2025|DD 7319/2025;;;
B73BBF11D5;DD 3743/2025|DD 4524/2025|DD 5765/2025;078400001001|078400002001;09;VERDE PUBBLICO - ACQUISTO DI SERVIZI - LAVORI E MANUTENZIONI - settore 046 || VERDE PUBBLICO - ACQUISTO DI SERVIZI - POTATURE, INTERVENTI DENDROLOGICI, MANUTENZIONE VERDE VERTICALE - settore 046
B76B4D3851;DD 3949/2025;046150014001|046150025001;04;PROGETTI EDUCATIVI - PRESTAZIONI DI SERVIZI - ATTIVITA' EDUCATIVE E SERVIZI PER INCLUSIONE E DISABILITA' - settore 007 || PROGETTI EDUCATIVI - PRESTAZIONI DI SERVIZI - ATTIVITA' ESTIVE - S.R.E. IVA - settore 007 - R.IVA
B744B5670D;DD 3805/2025;;;
B74F26A79F;DD 4664/2025;060500010001;07;TURISMO - ACQUISTO DI BENI E SERVIZI - PROGETTO UNESCO RESIDENZE DELLA FAMIGLIA REALE DI SAVOIA - VEDASI CAP. 6500002 ENTRATA - SETT. 69
B715E18BBA;DD 3404/2025;118630008003;01;SISTEMI INFORMATIVI - PN METRO PLUS - DIGITALIZZAZIONE E CHANGE MANAGEMENT - TO1.1.2.1.C - VEDASI CAP.032500002001 ENTRATA - SETT.27
B735FB114B;DD 3591/2025;034300004001;03;P0LIZIA MUNICIPALE - PRESTAZIONI DI SERVIZI - VIOLAZIONI ALLA LEGGE SULLA CIRCOLAZIONE STRADALE - SPESE DI PROCEDURA - settore 048
B7487BF12E;DD 4232/2025;018300001002;01;EDILIZIA SCOLASTICA - ACQUISTO DI SERVIZI - INCARICHI DI PROGETTAZIONE - settore 031
B7404127A0;DD 3660/2025;034300041004|123100203003|123100203004;03;APP. AVANZO TRASFERIMENTI - POLIZIA LOCALE - ACQUISTI ATTREZZATURE - VEICOLI - PROGETTO SCUOLE SICURE - VEDASI CAP. 31500000 ENTRATA - sett. 048 || APP. AVANZO TRASFERIMENTI - POLIZIA LOCALE - ACQUISTI ATTREZZATURE VARIE - PROGETTO SCUOLE SICURE - VEDASI CAP. 31500000 ENTRATA - sett. 048 || APP. AVANZO TRASFERIMENTI - POLIZIA LOCALE - ACQUISTO DI BENI E SERVIZI - PRESTAZIONI DI SERVIZI - PROGETTO SCUOLE SICURE - VEDASI CAP. 6600000 ENTRATA - sett. 048
B742EAE133;DD 4744/2025;;;
B6DD69B6B6;DD 3291/2025;118630008001;01;SISTEMI INFORMATIVI - PN METRO PLUS - SERVIZI DIGITALI ALLA PERSONA - TO1.1.2.1.A - VEDASI CAP.032500002001 ENTRATA - SETT.27
B75C801A28;DD 4083/2025;;;
B76B12B3E9;DD 4190/2025;060500009002;07;TURISMO - ACQUISTO DI BENI E SERVIZI - INIZIATIVE E MANIFESTAZIONI NAZIONALI ED INTERNAZIONALI ANCHE A RILIEVO TURISTICO - sett.0 69
B75AD6FCF7;DD 4412/2025;;;
B7748D29A8;DD 5644/2025;108500002005;01;APP. AVANZO MUTUI - ORGANI ISTITUZIONALI PARTECIPAZIONE E DECENTRAMENTO - MANUTENZIONE STRAORDINARIA - settore 030
B74725A968;DD 4231/2025;018300001002;01;EDILIZIA SCOLASTICA - ACQUISTO DI SERVIZI - INCARICHI DI PROGETTAZIONE - settore 031
B75CF24DD7;DD 4491/2025;157600005003;12;PNRR M5C2-I2.2 CUP C17H22000830006 PIU A23 - MANUTENZIONE STRAORDINARIA PER RIUSO E RIFUNZION. DELLA CASA DI ACCOGLIENZA SOCIALE DI VIA FOLIGNO 10 - VEDASI CAP. 31520008 ENTRATA - SETT 63
B76B89A650;DD 4395/2025;118630008001;01;SISTEMI INFORMATIVI - PN METRO PLUS - SERVIZI DIGITALI ALLA PERSONA - TO1.1.2.1.A - VEDASI CAP.032500002001 ENTRATA - SETT.27
B75C9F244D;DD 4153/2025;;;
B723884B12;DD 3480/2025;057200011001|057200014001;06;MANIFESTAZIONI SPORTIVE - ACQUISTO DI BENI E SERVIZI - EVENTI DI PROMOZIONE SPORTIVA RIVOLTI ALLE SCUOLE DELL'OBBLIGO - sett. 010 || MANIFESTAZIONI SPORTIVE - ACQUISTO DI BENI E SERVIZI - SPESE PER OSPITALITA' E ACCOGLIENZA - sett. 010
B7277718A4;DD 3982/2025;;;
B745AADFB4;DD 3952/2025;118630008005;01;SISTEMI INFORMATIVI - PN METRO PLUS - GESTIONE DELLA RELAZIONE CITTADINO - IMPRESE - TO1.1.2.1.E - VEDASI CAP.032500002001 ENTRATA - SETT.27
B71936CDB6;DD 3721/2025;118630009001;01;SISTEMI INFORMATIVI - PNRR M1 C1 INV1.4 MISURA1.4.4 - EST. DELL'UTILIZZO ANAGRAFE NAZIONALE DIGITALE (ANPR)-ADESIONE ALLO STATO CIVILE DIGITALE(ANSC)-CUP C51F24005910006 VED CAP. 33850010 E - sett 027
B749DF4496;DD 4351/2025;;;
B76B48CDB8;DD 3949/2025;046150014001|046150025001;04;PROGETTI EDUCATIVI - PRESTAZIONI DI SERVIZI - ATTIVITA' EDUCATIVE E SERVIZI PER INCLUSIONE E DISABILITA' - settore 007 || PROGETTI EDUCATIVI - PRESTAZIONI DI SERVIZI - ATTIVITA' ESTIVE - S.R.E. IVA - settore 007 - R.IVA
B7274611AC;DD 3938/2025;076610002001;09;FONDI EUROPEI - ACQUISTO DI BENI E SERVIZI - PROGETTO COMMONAIR - VEDASI CAP.012700009 ENTRATA - SETT 068
B73286C52A;DD 3689/2025;;;
B759470C58;DD 3887/2025;118630008007;01;SISTEMI INFORMATIVI - PN METRO PLUS - GESTIONE DELLA RELAZIONE CITTADINO - IMPRESE - TO1.1.2.1.E - HARDWARE - VEDASI CAP.032500002001 ENTRATA - SETT.27
B77087F4AA;DD 3949/2025;046150014001|046150025001;04;PROGETTI EDUCATIVI - PRESTAZIONI DI SERVIZI - ATTIVITA' EDUCATIVE E SERVIZI PER INCLUSIONE E DISABILITA' - settore 007 || PROGETTI EDUCATIVI - PRESTAZIONI DI SERVIZI - ATTIVITA' ESTIVE - S.R.E. IVA - settore 007 - R.IVA
B63A317F70;DD 2634/2025|DD 2054/2025;;;
B63A2F750B;DD 2635/2025|DD 2053/2025;174800000020;99;DEPOSITI CAUZIONALI IN DENARO DA TERZI PRESSO LA CITTA' - settore 010
B7379E9435;DD 3595/2025;;;
B63A2A2EE3;DD 2637/2025|DD 2052/2025;174800000020;99;DEPOSITI CAUZIONALI IN DENARO DA TERZI PRESSO LA CITTA' - settore 010
B76C9C3F85;DD 4328/2025|DD 6588/2025;;;
A06AD4F1BD;DD 4413/2025;132200005001;05;PNRR M5C2-I2.2 CUP C12F22000040001 PIU A5 - MANUTENZIONE STRAORDINARIA BIBLIOTECHE CIVICHE BONHOEFFER, GINZBURG, CASCINA MARCHESA E CdQ PIUSPAZIOQUATTRO - VEDASI CAP. 31520008 ENTRATA - SETT.30
B63A2D15AF;DD 2636/2025|DD 2055/2025;;;
B79FBBD388;DD 4209/2025;018940001006;01;SISTEMA SICUREZZA E PRONTO INTERVENTO - PRESTAZIONI DI SERVIZI - MANUTENZIONE E PULIZIA LOCALI - settore 111
B7B2E0B8CE;DD 4923/2025|DD 6066/2025|DD 8256/2025;;;
B7AAB112FB;DD 4492/2025;056000007001;06;CENTRI SPORTIVI - ACQUISTO DI SERVIZI - SPESE PER INTERVENTI VARI - S.R. E. IVA - settore 010 - R.IVA
B7B948CF8E;DD 4490/2025;034300039002;03;APP. AVANZO TRASFERIMENTI 1555 - POLIZIA LOCALE - ACQUISTO DI SERVIZI - PROGETTO REALIZZAZIONE PIATTAFORMA DIGITALE - VEDASI CAP. 006570002 ENTRATA - sett. 048
B7B9396490;DD 4625/2025;;;
B786CDEADC;DD 4998/2025|DD 6255/2025;002610005001|157400005003;01|12;ALTRI SERVIZI GENERALI - ACQUISTO BENI DI CONSUMO - ACQUISTO MATERIALI DI CONSUMO - MATERIALE VARIO - settore 005 || APP. AVANZO LEGGI - SERVIZI SOCIALI - ACQUISTI - MOBILI E ARREDI - VEDASI CAP. 29400 ENTRATA - SETT. 05 - 900
B779DE6F13;DD 4134/2025;118630008005;01;SISTEMI INFORMATIVI - PN METRO PLUS - GESTIONE DELLA RELAZIONE CITTADINO - IMPRESE - TO1.1.2.1.E - VEDASI CAP.032500002001 ENTRATA - SETT.27
B7AC051C33;DD 5643/2025;108500002001;01;ORGANI ISTITUZIONALI PARTECIPAZIONE E DECENTRAMENTO - MANUTENZIONE STRAORDINARIA - settore 030
B6EA91ABAA;DD 3556/2025;;;
B7B7C21913;DD 4819/2025;;;
B7B600FEFE;DD 4547/2025;033900001018;03;POLIZIA LOCALE E AMMINISTRATIVA - SPESE GENERALI - SPESE DI FUNZIONAMENTO - MANUTENZIONE ORDINARIA E RIPARAZIONI DI ATTREZZATURE - settore 048
B7C5585E8D;DD 4782/2025;071700007001;11;PROTEZIONE CIVILE - ACQUISTO DI SERVIZI - SERVIZI PER ATTIVITA' ED INTERVENTI DI PROTEZIONE CIVILE - settore 028
B7C7739E9A;DD 5255/2025|DD 4990/2025;;;
B7C6DFDFC4;DD 5099/2025;086300008009;12;SERVIZI SOCIALI - PRESTAZIONI DI SERVIZI - INTERVENTI A FAVORE DI STRANIERI E NOMADI - FORMAZIONE - VEDASI CAP. 6570000- ENTRATA - settore 019
B7B4868A41;DD 4741/2025;018940003001;01;SISTEMA SICUREZZA E PRONTO INTERVENTO - PRESTAZIONI DI SERVIZI - ATTUAZIONE DISPOSTI DI LEGGE - D.LGS.81/2008 - settore 111
B790FF4010;DD 4545/2025;006800018001;01;PERSONALE - ACQUISTO DI SERVIZI - AGGIORNAMENTO E FORMAZIONE DEI LAVORATORI DELLA PUBBLICA AMMINISTRAZIONE - LEGGE N. 122/2010 ART. 6 COMMA 13 - settore 004
B7C12C3772;DD 4723/2025;045800001001;04;ASSISTENZA SCOLASTICA - ACQUISTO DI SERVIZI - REFEZIONE SCUOLE DELL'OBBLIGO - S.R.E. IVA - Sett. 007 - R.IVA
B79E11435D;DD 4383/2025;056000007001;06;CENTRI SPORTIVI - ACQUISTO DI SERVIZI - SPESE PER INTERVENTI VARI - S.R. E. IVA - settore 010 - R.IVA
B7BB0BD33A;DD 5803/2025;;;
B7CCB0555D;DD 4771/2025;060500010001;07;TURISMO - ACQUISTO DI BENI E SERVIZI - PROGETTO UNESCO RESIDENZE DELLA FAMIGLIA REALE DI SAVOIA - VEDASI CAP. 6500002 ENTRATA - SETT. 69
B7AE27BDA0;DD 4772/2025;157400005003;12;APP. AVANZO LEGGI - SERVIZI SOCIALI - ACQUISTI - MOBILI E ARREDI - VEDASI CAP. 29400 ENTRATA - SETT. 05 - 900
B7C6EBDE36;DD 5100/2025;086300010004;12;SERVIZI SOCIALI - PRESTAZIONI DI SERVIZI - INTERVENTI A FAVORE DI MINORI A RISCHIO - FORMAZIONE - VEDASI CAP. 4850000 ENTRATA - settore 019
B7A743095F;DD 4535/2025;098700013003;14;COMMERCIO E MERCATI - ACQUISTO DI BENI E SERVIZI - SPAZI PUBLICITARI TV RADIO WEB CARTA STAMPATA - SETT. 134
B7C1AFBFB6;DD 5977/2025|DD 6745/2025|DD 8733/2025;;;
B77FF56786;DD 4308/2025;098700011001;14;COMMERCIO E MERCATI - ACQUISTO DI BENI E SERVIZI - ATTIVITA' DI PROMOZIONE DEL COMMERCIO - SETT. 134
B7A238DE39;DD 5644/2025;108500002005;01;APP. AVANZO MUTUI - ORGANI ISTITUZIONALI PARTECIPAZIONE E DECENTRAMENTO - MANUTENZIONE STRAORDINARIA - settore 030
B7A8B26C0C;DD 4537/2025;;;
B7C4CEB56A;DD 5588/2025;132570002001;05;PNRR M5C2-I2.2 CUP C12F22000030001 PIU A4 - MANUTENZIONE STRAORDINARIA BIBLIOTECHE CIVICHE VILLA AMORETTI, ANDREA DELLA CORTE E MAUSOLEO BELA ROSIN - VEDASI CAP. 31520008 ENTRATA - SETT. 60
B78FBCDEB4;DD 4877/2025|DD 8313/2025;002610005001;01;ALTRI SERVIZI GENERALI - ACQUISTO BENI DI CONSUMO - ACQUISTO MATERIALI DI CONSUMO - MATERIALE VARIO - settore 005
B7CABF4258;DD 4757/2025;056000007004;06;CENTRI SPORTIVI - ACQUISTO DI SERVIZI - RIMOZIONE E SMALTIMENTO RIFIUTI - S.R.E. IVA - settore 010 - R.IVA
B7A5FF250E;DD 4316/2025;028300002002;01;COMUNICAZIONE ISTITUZIONALE ED INFORMAZIONE - SPESE PUBBLICITARIE A CARATTERE ISTITUZIONALE - QUOTIDIANI E PERIODICI - LEGGE N. 122/2010 - ART. 6 COMMA 8 - settore 001
B7C946A587;DD 4607/2025;122900003001|122900003003;03;POLIZIA LOCALE - ACQUISTI ATTREZZATURE - VEICOLI - PROGETTO PREVENZIONE E CONTRASTO TRUFFE AGLI ANZIANI - VEDASI CAP. 031550001 ENTRATA 1403 - SETT. 048 || POLIZIA MUNICIPALE - ACQUISTI ATTREZZATURE VARIE - PROGETTO PREVENZIONE E CONTRASTO TRUFFE AGLI ANZIANI - VEDASI CAP. 031550001 ENTRATA 1403 - SETT. 048
B7C6E77475;DD 5098/2025;086300008009;12;SERVIZI SOCIALI - PRESTAZIONI DI SERVIZI - INTERVENTI A FAVORE DI STRANIERI E NOMADI - FORMAZIONE - VEDASI CAP. 6570000- ENTRATA - settore 019
B7C8330E45;DD 5595/2025|DD 7116/2025;;;
B7C2C5F9A0;DD 4563/2025|DD 8666/2025|DD 8665/2025;075900003007;09;CIRCOSCRIZIONI COMUNALI - PRESTAZIONI DI SERVIZI - MANUTENZIONE AREE VERDI - settore 084
B7A32DC04D;DD 5275/2025;046150020001;04;PROGETTI EDUCATIVI - PRESTAZIONI DI SERVIZI - ATTIVITA' PER INTERVENTI INNOVATIVI - settore 007
B7CF28C3D4;DD 5215/2025|DD 8453/2025;164150001010|164150007001;14;APP. AVANZO LEGGE - COMMERCIO - ACQUISTI DI BENI PER LA PROMOZIONE DEI LUOGHI DEL COMMERCIO - VEDASI CAP. 37150000 ENTRATA - settore 016 || COMMERCIO - ACQUISTI DI BENI E PER LA PROMOZIONE DEI LUOGHI DEL COMMERCIO - sett. 016
B7D55FB1F6;DD 5617/2025;164150001013;14;APP. AVANZO LEGGE - COMMERCIO - ACQUISTI DI BENI PER LA QUALIFICAZIONE DEI LUOGHI DEL COMMERCIO - VEDASI CAP. 37150000 ENTRATA - settore 016
B7AF511410;DD 4878/2025;009800001001;01;ALTRI SERVIZI GENERALI - NOLEGGIO FOTOCOPIATORI E MACCHINE VARIE PER UFFICIO - settore 005
B7C9E338B7;DD 4858/2025;136100002007;06;APP. AVANZO INVESTIMENTI - IMPIANTI SPORTIVI - MANUTENZIONE STRAORDINARIA - S.R.E. IVA - settore 062 - R.IVA
B79785EA58;DD 4236/2025;006800012001;01;PERSONALE - ACQUISTO DI SERVIZI - SVILUPPO ORGANIZZATIVO - settore 004
B7D1764B5A;DD 4846/2025;;;
B640051E49;DD 2330/2025;163600007001;09;PNRR - DL. 50 ART. 42 - RIQUALIFICAZIONE SPAZIO PUBBLICO FRONTE COMPLESSO TO-EXPO - C12H23000030001 -VEDASI CAP. 31520012001 ENTRATA - SETTORE 117
B75630FCA9;DD 4084/2025;075000003001;09;FONDI EUROPEI - ACQUISTO DI BENI E SERVIZI - PROGETTO CLIMAGEN - VEDASI CAP. 12500081 ENTRATA 1585
B7B19B7256;DD 5610/2025;098700011001|098700013002;14;COMMERCIO E MERCATI - ACQUISTO DI BENI E SERVIZI - ATTIVITA' DI PROMOZIONE DEL COMMERCIO - SETT. 134 || COMMERCIO E MERCATI - ACQUISTO DI BENI E SERVIZI - COMUNICAZIONE WEB - SETT. 134
B7964837B9;DD 4264/2025;136100012001;06;CENTRI SPORTIVI - ACQUISTO MATERIALE VARIO - S.R.E. IVA - Sett. 10 - R. IVA
B7BF1FA952;DD 4609/2025;122900003001;03;POLIZIA MUNICIPALE - ACQUISTI ATTREZZATURE VARIE - PROGETTO PREVENZIONE E CONTRASTO TRUFFE AGLI ANZIANI - VEDASI CAP. 031550001 ENTRATA 1403 - SETT. 048
B7B022D585;DD 5562/2025|DD 6468/2025;;;
B78E8C9D81;DD 4168/2025;002610004001;01;ALTRI SERVIZI GENERALI - ACQUISTO BENI DI CONSUMO - ACQUISTO MATERIALI DI CONSUMO - BIANCHERIA - settore 005
B7EE27E82E;DD 5174/2025;080200013001;12;ASILI NIDO ED INTERVENTI INNOVATIVI PER LA PRIMA INFANZIA - ACQUISTO DI SERVIZI - GESTIONE ESTERNA NIDI - SPESE VARIE - SRE IVA - settore 007
B7F7A5ECF7;DD 5052/2025;075900003002|075900003004;09;CIRCOSCRIZIONI COMUNALI - PRESTAZIONI DI SERVIZI - MANUTENZIONE AREE VERDI - settore 090 || CIRCOSCRIZIONI COMUNALI - PRESTAZIONI DI SERVIZI - MANUTENZIONE AREE VERDI - settore 091
B7F4AF7ED8;DD 5171/2025;080200009001;12;ASILI NIDO ED INTERVENTI INNOVATIVI PER LA PRIMA INFANZIA - ACQUISTO DI SERVIZI - NIDI E SERVIZI CONVENZIONATI - S.R.E. IVA - settore 007
B7EFCB5A45;DD 5539/2025|DD 8288/2025|DD 8718/2025;002400016001;01;CIRCOSCRIZIONI COMUNALI - PRESTAZIONI DI SERVIZI - RIMOZIONE RIFIUTI - sett. 091
B7EF9AD9E5;DD 5037/2025;;;
B7F73DAC7D;DD 5411/2025;132200004004;05;PNRR M5C2-I2.2 CUP C14H22000020006 PIU A2 - ACQUISTO PIATTAFORME DIGITALI PER LE BIBLIOTECHE CIVICHE TORINESI - VEDASI CAP. 31520008 ENTRATA - SETT. 25
B7EE48654D;DD 5045/2025|DD 7677/2025;;;
B809816550;DD 5169/2025;080200009001;12;ASILI NIDO ED INTERVENTI INNOVATIVI PER LA PRIMA INFANZIA - ACQUISTO DI SERVIZI - NIDI E SERVIZI CONVENZIONATI - S.R.E. IVA - settore 007
B8002A1F53;DD 5816/2025;;;
B7F3F61F39;DD 5064/2025;080200009001;12;ASILI NIDO ED INTERVENTI INNOVATIVI PER LA PRIMA INFANZIA - ACQUISTO DI SERVIZI - NIDI E SERVIZI CONVENZIONATI - S.R.E. IVA - settore 007
B7DD5EB5C3;DD 5179/2025;080200013001;12;ASILI NIDO ED INTERVENTI INNOVATIVI PER LA PRIMA INFANZIA - ACQUISTO DI SERVIZI - GESTIONE ESTERNA NIDI - SPESE VARIE - SRE IVA - settore 007
B7F1C2C17A;DD 5628/2025;152000005001;09;APP. AVANZO MUTUI - GRANDI OPERE DEL VERDE-PARCO DORA- SKATEPARK - sett.117
B7EE1A76C2;DD 5173/2025;080200013001;12;ASILI NIDO ED INTERVENTI INNOVATIVI PER LA PRIMA INFANZIA - ACQUISTO DI SERVIZI - GESTIONE ESTERNA NIDI - SPESE VARIE - SRE IVA - settore 007
B7DD1A1BA8;DD 5024/2025;060500009002;07;TURISMO - ACQUISTO DI BENI E SERVIZI - INIZIATIVE E MANIFESTAZIONI NAZIONALI ED INTERNAZIONALI ANCHE A RILIEVO TURISTICO - sett.0 69
B7EA4EC8F7;DD 4902/2025|DD 8310/2025;056720011002;01;INFRASTRUTTURE PER IL COMMERCIO E LO SPORT - ACQUISTO DI BENI E SERVIZI - ALTRE PRESTAZIONI PROFESSIONALI - S.R.E. IVA - settore 062 - R.IVA
B7EBD75836;DD 5176/2025;080200013001;12;ASILI NIDO ED INTERVENTI INNOVATIVI PER LA PRIMA INFANZIA - ACQUISTO DI SERVIZI - GESTIONE ESTERNA NIDI - SPESE VARIE - SRE IVA - settore 007
B7E6D87271;DD 5177/2025;080200013001;12;ASILI NIDO ED INTERVENTI INNOVATIVI PER LA PRIMA INFANZIA - ACQUISTO DI SERVIZI - GESTIONE ESTERNA NIDI - SPESE VARIE - SRE IVA - settore 007
B7E5F480D8;DD 5044/2025;004300069001;19;COOPERAZIONE INTERNAZIONALE E PACE - BANDO AICS 2023 - PROGETTO DI COOPERAZIONE TERRITORIALE - AKLI BALADI - PRESTAZIONE DI SERVIZI - VEDASI CAP. 7200006 ENTRATA - set. 113 - 1566
B8003780C4;DD 6407/2025;051400010003|051400014002;05;CULTURA - PRESTAZIONI DI SERVIZI - INIZIATIVE VARIE DI CARATTERE INTERCULTURALE - VEDASI CAP. 15000006 ENTRATA - settore 045 || CULTURA - PRESTAZIONI DI SERVIZI - SERVIZI PER INIZIATIVE CULTURALI - settore 065
B7DD89BD82;DD 4989/2025;;;
B7E2710C2D;DD 5178/2025;080200013001;12;ASILI NIDO ED INTERVENTI INNOVATIVI PER LA PRIMA INFANZIA - ACQUISTO DI SERVIZI - GESTIONE ESTERNA NIDI - SPESE VARIE - SRE IVA - settore 007
B80A22A665;DD 5167/2025;080200009001;12;ASILI NIDO ED INTERVENTI INNOVATIVI PER LA PRIMA INFANZIA - ACQUISTO DI SERVIZI - NIDI E SERVIZI CONVENZIONATI - S.R.E. IVA - settore 007
B7E3A7B263;DD 5837/2025;132200004003;05;PNRR M5C2-I2.2 CUP C14H22000020006 PIU A2 -ACQUISTO ATTREZZATURE INFORMATICHE, IMPIANTI AUDIOVISIVI E SISTEMA DI VIDEOSORVEGLIANZA PER LE BIBLIOTECHE CIVICHE TORINESI - VED. CAP. 31520008 E. - S. 25
B7D7F432F3;DD 5114/2025|DD 7619/2025;;;
B7F7AAFFCE;DD 5298/2025;063320005002;09;PONTI - VIE D'ACQUA - INFRASTRUTTURE - ACQUISTO DI BENI E SERVIZI - ALTRE PRESTAZIONI PROFESSIONALI - settore 034
B7F4DBFA69;DD 5148/2025;080200009001;12;ASILI NIDO ED INTERVENTI INNOVATIVI PER LA PRIMA INFANZIA - ACQUISTO DI SERVIZI - NIDI E SERVIZI CONVENZIONATI - S.R.E. IVA - settore 007
B7F48E162F;DD 5172/2025;080200009001;12;ASILI NIDO ED INTERVENTI INNOVATIVI PER LA PRIMA INFANZIA - ACQUISTO DI SERVIZI - NIDI E SERVIZI CONVENZIONATI - S.R.E. IVA - settore 007
B7F17BB730;DD 5794/2025;108500002001;01;ORGANI ISTITUZIONALI PARTECIPAZIONE E DECENTRAMENTO - MANUTENZIONE STRAORDINARIA - settore 030
B82DD90ECF;DD 8388/2025;;;
B82DE7F40D;DD 6511/2025;;;
B86B061D7E;DD 5975/2025;098700013003;14;COMMERCIO E MERCATI - ACQUISTO DI BENI E SERVIZI - SPAZI PUBLICITARI TV RADIO WEB CARTA STAMPATA - SETT. 134
B81F65096E;DD 5448/2025;080200009001;12;ASILI NIDO ED INTERVENTI INNOVATIVI PER LA PRIMA INFANZIA - ACQUISTO DI SERVIZI - NIDI E SERVIZI CONVENZIONATI - S.R.E. IVA - settore 007
B839DE7820;DD 5640/2025;026900003003;01;SISTEMI INFORMATIVI - ACQUISTO DI SERVIZI - SERVIZI DI SUPPORTO SPECIALISTICO PER LA TRASFORMAZIONE DIGITALE - settore 027
B86903A511;DD 7252/2025|DD 7998/2025;;;
B82DF33896;DD 5568/2025;;;
B8472E8EDF;DD 7220/2025;148200007001;11;PROTEZIONE CIVILE- PN METRO PLUS - RIQUALIFICAZIONE CENTRO POLIFUNZIONALE PROTEZIONE CIVILE TO2.2.4.2.A - VEDASI CAP. 032500011 ENTRATA - Sett. 028
B8415F2826;DD 7796/2025;;;
B83EDCB5A7;DD 5725/2025;006800020001;01;PERSONALE - ACQUISTO DI SERVIZI - CONVENZIONI PER LA FORMAZIONE DEI LAVORATORI DELLA PUBBLICA AMMINISTRAZIONE - LEGGE N. 122/2010 ART. 6 COMMA 13 - settore 004
B84806E7D0;DD 7884/2025;;;
B82B7E8BA2;DD 5891/2025;163450002001;01;EDILIZIA SCOLASTICA - ACQUISTO APPARECCHIATURE SPECIALISTICHE - sett. 031
B86B5FF02F;DD 5974/2025;098700013003;14;COMMERCIO E MERCATI - ACQUISTO DI BENI E SERVIZI - SPAZI PUBLICITARI TV RADIO WEB CARTA STAMPATA - SETT. 134
B82F881A66;DD 5667/2025;;;
B8249E41FA;DD 5325/2025;080200009001;12;ASILI NIDO ED INTERVENTI INNOVATIVI PER LA PRIMA INFANZIA - ACQUISTO DI SERVIZI - NIDI E SERVIZI CONVENZIONATI - S.R.E. IVA - settore 007
B824E6BE66;DD 5324/2025;080200009001;12;ASILI NIDO ED INTERVENTI INNOVATIVI PER LA PRIMA INFANZIA - ACQUISTO DI SERVIZI - NIDI E SERVIZI CONVENZIONATI - S.R.E. IVA - settore 007
B82C5D2718;DD 5915/2025;080200009001;12;ASILI NIDO ED INTERVENTI INNOVATIVI PER LA PRIMA INFANZIA - ACQUISTO DI SERVIZI - NIDI E SERVIZI CONVENZIONATI - S.R.E. IVA - settore 007
B86D7D4B74;DD 5898/2025;088810001009;12;LEGGE 285/97 - PROGETTI LEGGE 285/97 - PRESTAZIONI DI SERVIZI - SERVIZI DIVERSI - settore 007
B8225BBAD9;DD 7798/2025;;;
B82FC466BF;DD 5899/2025;080200009001;12;ASILI NIDO ED INTERVENTI INNOVATIVI PER LA PRIMA INFANZIA - ACQUISTO DI SERVIZI - NIDI E SERVIZI CONVENZIONATI - S.R.E. IVA - settore 007
B83ECD49D1;DD 5751/2025;048800025001|048800025002;05;APP. AVANZO TR -BIBLIOTECHE CIVICHE.ACQUISTO DI SERVIZI. CONSERVAZIONE, CATALOGAZIONE E DIGITALIZZAZIONE DEL PATRIMONIO BIBLIOGRAFICO E DELLE STAMPE DI INTERESSE CULTURALE.VEDASI 9900058 E-Set.025 1477 || BIBLIOTECHE CIVICHE. ACQUISTO DI SERVIZI. CONSERVAZIONE, CATALOGAZIONE E DIGITALIZZAZIONE DEL PATRIMONIO BIBLIOGRAFICO E DELLE STAMPE DI INTERESSE CULTURALE. VEDASI 9900066 E- Set.025 1565
B7E65FB819;DD 4935/2025;118800000008;01;APP. AVANZO ACCANTONAMENTI 1526 - ACQUISTO ATTREZZATURE TECNOLOGICHE HARDWARE SISTEMI DI TELECOMUNICAZIONE E SICUREZZA - settore 027
B86B97B049;DD 8156/2025;;;
B82C525854;DD 6394/2025;055900005001|136100012001;06;CENTRI SPORTIVI - ACQUISTO DI BENI E DI MATERIALE VARIO PER IMPIANTI SPORTIVI A GESTIONE DIRETTA DELL'AREA SPORT E TEMPO LIBERO - S.R.E. IVA - Settore 010 || CENTRI SPORTIVI - ACQUISTO MATERIALE VARIO - S.R.E. IVA - Sett. 10 - R. IVA
B8615CBBFF;DD 7310/2025|DD 7242/2025;097200043001;14;FONDI EUROPEI - PRESTAZIONI DI SERVIZI NEBA INTERREG EUROPE -CUP C19G24000000006 - VEDASI CAP.012500077 -Sett. 068 1531
B82858EE77;DD 5589/2025;006800018001|006800018002;01;APP. AVANZO ACCANTONAMENTI- PERSONALE - ACQUISTO DI SERVIZI - AGGIORNAMENTO E FORMAZIONE DEI LAVORATORI DELLA PUBBLICA AMMINISTRAZIONE - LEGGE N. 122/2010 ART. 6 COMMA 13 - settore 004 1526 || PERSONALE - ACQUISTO DI SERVIZI - AGGIORNAMENTO E FORMAZIONE DEI LAVORATORI DELLA PUBBLICA AMMINISTRAZIONE - LEGGE N. 122/2010 ART. 6 COMMA 13 - settore 004
B85AC38C9C;DD 6073/2025;063320005002;09;PONTI - VIE D'ACQUA - INFRASTRUTTURE - ACQUISTO DI BENI E SERVIZI - ALTRE PRESTAZIONI PROFESSIONALI - settore 034
B7DBC67762;DD 5048/2025|DD 5591/2025|DD 6703/2025|DD 7712/2025;006800014001|097250017002;01|14;FONDI EUROPEI-PROGETTO TOMOVE-ACQUISTO DI BENI E SERVIZI-PIANO COMPLEMENTARE AL PNRR-M1C1-I1.4.6-CUP C15C22007220001-VEDASI CAP. 006800014 ENTRATA - SETT.068 || PERSONALE - ACQUISTO DI SERVIZI - SPESE PER COMMISSIONI CONCORSI - SELEZIONI A POSTI VACANTI A TEMPO INDETERMINATO - settore 004
B828FCD30C;DD 5635/2025|DD 8222/2025|DD 8565/2025;;;
B823288B1D;DD 7818/2025;;;
B81F50691B;DD 5326/2025;080200009001;12;ASILI NIDO ED INTERVENTI INNOVATIVI PER LA PRIMA INFANZIA - ACQUISTO DI SERVIZI - NIDI E SERVIZI CONVENZIONATI - S.R.E. IVA - settore 007
B863EB7114;DD 5859/2025;002610003001;01;ALTRI SERVIZI GENERALI - ACQUISTO BENI DI CONSUMO - ACQUISTO MATERIALI DI CONSUMO - MODULISTICA VARIA - settore 005
B8634BD572;DD 6541/2025;;;
B8564E2E54;DD 5774/2025;;;
B84D12102B;DD 5791/2025|DD 8411/2025;045800005001;04;ASSISTENZA SCOLASTICA - ACQUISTO DI SERVIZI - PULIZIA EDIFICI SCOLASTICI - Sett. 007
B8225BCBAC;DD 7798/2025;;;
B846EDFA6B;DD 5781/2025;;;
B858316AFB;DD 5854/2025;033900001018;03;POLIZIA LOCALE E AMMINISTRATIVA - SPESE GENERALI - SPESE DI FUNZIONAMENTO - MANUTENZIONE ORDINARIA E RIPARAZIONI DI ATTREZZATURE - settore 048
B84F368984;DD 5641/2025;;;
B85ABE581F;DD 5844/2025;060500009002;07;TURISMO - ACQUISTO DI BENI E SERVIZI - INIZIATIVE E MANIFESTAZIONI NAZIONALI ED INTERNAZIONALI ANCHE A RILIEVO TURISTICO - sett.0 69
B84D8B511B;DD 5624/2025;;;
B8679E89B8;DD 5990/2025;;;
B8343D326B;DD 5685/2025;008600004001;01;RISORSE FINANZIARIE - ACQUISTO DI SERVIZI - MECCANIZZAZIONE E ASSISTENZA - settore 024
B86DD50215;DD 6266/2025;;;
B823289BF0;DD 7818/2025;;;
B814959D3D;DD 5273/2025;019900007001;01;GESTIONE PARCO VEICOLI - ACQUISTO DI MATERIALI - CARBURANTI OLII E LUBRIFICANTI - settore 055
B86DF1CDAC;DD 6120/2025|DD 6739/2025;098700011001;14;COMMERCIO E MERCATI - ACQUISTO DI BENI E SERVIZI - ATTIVITA' DI PROMOZIONE DEL COMMERCIO - SETT. 134
B8198CEF29;DD 5609/2025;;;
B8259857B3;DD 5731/2025;075900003010;09;CIRCOSCRIZIONI COMUNALI - PRESTAZIONI DI SERVIZI - MANUTENZIONE AREE VERDI - settore 088
B7A6824860;DD 5155/2025;097500011001;14;FONDI EUROPEI - ACQUISTO DI BENI E SERVIZI - PROGETTO iCAPITAL - VEDASI CAP. 12700008 ENTRATA - sett. 068
B81210A9BC;DD 5648/2025;054200001006;06;SPORT E TEMPO LIBERO - SPESE GENERALI - MANUTENZIONE E PULIZIA LOCALI - settore 062 - S.R.E. IVA
B857FB4059;DD 6296/2025;152000021001|152000021003;09;APP. AVANZO TRASFERIMENTI - GRANDI OPERE DEL VERDE-PROG. OPERATIVO BONIFICA E MESSA IN SIC. PERMAN. EX CAMPO NOMADI ARRIVORE - INTERVENTI SU SITI ORFANI EX DM 269/2000 - VEDASI CAP. 34410004-34900002 E || GRANDI OPERE DEL VERDE-PROGETTO OPERATIVO BONIFICA E MESSA IN SICUREZZA PERMANENTE EX CAMPO NOMADI ARRIVORE - INTERVENTI SU SITI ORFANI EX DM 269/2000 - VEDASI CAP.34410004-34900002 ENTRATA - SET 117
B744DA1B74;DD 4577/2025|DD 4957/2025;;;
B82B687855;DD 5894/2025;163400125001;01;EDILIZIA SCOLASTICA - ACQUISTO SOFTWARE - sett. 031
B84F1D19A6;DD 6643/2025;098700011001;14;COMMERCIO E MERCATI - ACQUISTO DI BENI E SERVIZI - ATTIVITA' DI PROMOZIONE DEL COMMERCIO - SETT. 134
B84900012C;DD 5630/2025;082400068001|088810001007;06|12;LEGGE 285/97 - PROGETTI LEGGE 285/97 - PRESTAZIONI DI SERVIZI - SERVIZI DIVERSI - settore 050
B85693F81D;DD 5998/2025;018940001006|028300012002;01;SISTEMA SICUREZZA E PRONTO INTERVENTO - PRESTAZIONE DI SERVIZI - SMONTAGGIO, RIMOZIONE E TRASPORTO DEHORS - SETT. 111 || SISTEMA SICUREZZA E PRONTO INTERVENTO - PRESTAZIONI DI SERVIZI - MANUTENZIONE E PULIZIA LOCALI - settore 111
B87853B413;DD 7049/2025;018300001002;01;EDILIZIA SCOLASTICA - ACQUISTO DI SERVIZI - INCARICHI DI PROGETTAZIONE - settore 031
B88DCADF97;DD 8370/2025;;;
B89F1B9FED;DD 6404/2025;003850006001;01;GABINETTO DEL SINDACO - COMUNICAZIONE ISTITUZIONALE ED INFORMAZIONE - PRESTAZIONI DI SERVIZI - SPESE PER LA COMUNICAZIONE - settore 001
B8B0137ACC;DD 6663/2025;033900001018;03;POLIZIA LOCALE E AMMINISTRATIVA - SPESE GENERALI - SPESE DI FUNZIONAMENTO - MANUTENZIONE ORDINARIA E RIPARAZIONI DI ATTREZZATURE - settore 048
B8AEE5ED14;DD 6864/2025;;;
B8759AC1FB;DD 6436/2025;;;
B8CA393884;DD 6857/2025;;;
B8881E120D;DD 7686/2025;;;
B87A49C91C;DD 6314/2025;034300010001|034300028001;03;P0LIZIA MUNICIPALE - PRESTAZIONI DI SERVIZI - FORMAZIONE AGGIORNAMENTO PERSONALE POLIZIA MUNICIPALE ED EDUCAZIONE - LEGGE N. 122/2010 ART. 6 COMMA 13 - settore 048 || POLIZIA MUNICIPALE - PRESTAZIONI DI SERVIZI - LICENZE SOFTWARE - SETT. 048
B89D09243F;DD 6434/2025;080200013001;12;ASILI NIDO ED INTERVENTI INNOVATIVI PER LA PRIMA INFANZIA - ACQUISTO DI SERVIZI - GESTIONE ESTERNA NIDI - SPESE VARIE - SRE IVA - settore 007
B88708E62B;DD 6487/2025;018300001002;01;EDILIZIA SCOLASTICA - ACQUISTO DI SERVIZI - INCARICHI DI PROGETTAZIONE - settore 031
B8E0A0DB83;DD 6872/2025;;;
B8AC4DBB67;DD 8390/2025;054300003006;06;PISCINE APERTE AL PUBBLICO TENNIS E PATTINAGGIO SUL GHIACCIO - ACQUISTI DI MATERIALI - S.R.E. IVA - ACCESSORI PER ATTIVITA' SPORTIVE E RICREATIVE - settore 086
B87896C989;DD 6184/2025;018300001002;01;EDILIZIA SCOLASTICA - ACQUISTO DI SERVIZI - INCARICHI DI PROGETTAZIONE - settore 031
B8895AA5D1;DD 6921/2025|DD 6660/2025;034300038001|075000003001|077260002001|097200038001|097200041004|097200043001|097200045001|097250024001|097500007002|097500009003|097500012001;03|09|14;APP. AVANZO TRASFERIMENTI - FONDI EUROPEI - ACQUISTO DI BENI E SERVIZI - PROGETTO ENVELOPE - VEDASI CAP. 12700004001 ENTRATA Sett. 068 || APP. AVANZO TRASFERIMENTI - FONDI EUROPEI - ACQUISTO DI BENI E SERVIZI - PROGETTO SPOON VEDASI CAP. 12700006 ENTRATA - Sett.068 - 1570 || APP. AVANZO TRASFERIMENTI - INNOVAZIONE FONDI EUROPEI - ACQUISTO DI BENI E SERVIZI - PROGETTO TIPS4PED - VEDASI CAP. 012500075 ENTRATA - sett. 068 || FONDI EUROPEI - ACQUISTO DI BENI E SERVIZI - PROGETTO 2NITE - VEDASI CAP. 12700005 ENTRATA - SETT. 068 || FONDI EUROPEI - ACQUISTO DI BENI E SERVIZI - PROGETTO CLIMAGEN - VEDASI CAP. 12500081 ENTRATA 1585 || FONDI EUROPEI - ACQUISTO DI BENI E SERVIZI - PROGETTO URSOILL - VEDASI CAP. 012700011 ENTRATA - sett. 068 || FONDI EUROPEI - PRESTAZIONI DI SERVIZI - PROGETTO EURIOPEO SEED2SCALE - VEDASI CAP. 125020080 ENTRATA - 068 || FONDI EUROPEI - PRESTAZIONI DI SERVIZI - PROGETTO EUROPEO PROSECO - VEDASI CAP. 12700010 ENTRATA - sett.068 || FONDI EUROPEI - PRESTAZIONI DI SERVIZI NEBA INTERREG EUROPE -CUP C19G24000000006 - VEDASI CAP.012500077 -Sett. 068 1531 || INNOVAZIONE FONDI EUROPEI - PRESTAZIONI DI SERVIZI - PROGETTO EUROPEO COFARM4CITIES - VEDASI CAP. 12500070001 ENTRATA - settore 068 || POLIZIA LOCALE - PRESTAZIONI DI SERVIZI - PROGETTO EUROPEO PACTESUR II - VEDASI CAP. 12500073001 ENTRATA - sett. 068
B8AD649D8F;DD 6409/2025;098700011002;14;COMMERCIO E MERCATI - ACQUISTO DI BENI E SERVIZI - ATTIVITA' DI PROMOZIONE DEL COMMERCIO - SETT. 134
B8A205026A;DD 6866/2025;078630003001;01;GESTIONE GRANDI OPERE - PRESTAZIONI DI SERVIZI - INCARICHI E SERVIZI PROFESSIONALI - settore 117
B8A11150DC;DD 6507/2025;;;
B8C899BA69;DD 6880/2025;033900001018;03;POLIZIA LOCALE E AMMINISTRATIVA - SPESE GENERALI - SPESE DI FUNZIONAMENTO - MANUTENZIONE ORDINARIA E RIPARAZIONI DI ATTREZZATURE - settore 048
B887DFBA77;DD 7797/2025;;;
B88DCAE06F;DD 8370/2025;;;
B8770905CD;DD 6137/2025;;;
B87DD8D66F;DD 6312/2025|DD 8751/2025;075900001004;09;CIRCOSCRIZIONI COMUNALI - PRESTAZIONI DI SERVIZI - TUTELA E VALORIZZAZIONE DELL'AMBIENTE URBANO E DEL SUOLO - settore 084
B8DBAC3D12;DD 7359/2025;141200000001;10;PIANO URBANO DEI PARCHEGGI -PARCHEGGIO PIAZZA BENGASI DI INTERSCAMBIO CON LINEA 1 METROPOLITANA DI TORINO - VEDASI CAP. 31760005 ENTRATA - settore 033
B8E0C471E7;DD 7232/2025;020000015001;01;GESTIONE PARCO VEICOLI - ACQUISTO DI SERVIZI - ACQUISTO VETROFANIE PER VEICOLI, BOLLETTARI E VARIE PER GESTIONE AUTOPARCO - settore 055
B876C95CE3;DD 6650/2025|DD 7458/2025;075000003001|077260002001|097200038001|097200041004|097200043001|097200045001|097500005003|097500007002|097500009003|097500010001|097500012001;09|14;APP. AVANZO TRASFERIMENTI - FONDI EUROPEI - ACQUISTO DI BENI E SERVIZI - PROGETTO 5G4LIVES - VEDASI CAP. 012700003 ENTRATA - SETT 068 || APP. AVANZO TRASFERIMENTI - FONDI EUROPEI - ACQUISTO DI BENI E SERVIZI - PROGETTO ENVELOPE - VEDASI CAP. 12700004001 ENTRATA Sett. 068 || APP. AVANZO TRASFERIMENTI - FONDI EUROPEI - ACQUISTO DI BENI E SERVIZI - PROGETTO SPOON VEDASI CAP. 12700006 ENTRATA - Sett.068 - 1570 || APP. AVANZO TRASFERIMENTI - INNOVAZIONE FONDI EUROPEI - ACQUISTO DI BENI E SERVIZI - PROGETTO TIPS4PED - VEDASI CAP. 012500075 ENTRATA - sett. 068 || FONDI EUROPEI - ACQUISTO DI BENI E SERVIZI - PROGETTO AMAZING 6G - VEDASI CAP. 12700007 ENTRATA - sett. 068 || FONDI EUROPEI - ACQUISTO DI BENI E SERVIZI - PROGETTO CLIMAGEN - VEDASI CAP. 12500081 ENTRATA 1585 || FONDI EUROPEI - ACQUISTO DI BENI E SERVIZI - PROGETTO URSOILL - VEDASI CAP. 012700011 ENTRATA - sett. 068 || FONDI EUROPEI - PRESTAZIONI DI SERVIZI - PROGETTO EURIOPEO SEED2SCALE - VEDASI CAP. 125020080 ENTRATA - 068 || FONDI EUROPEI - PRESTAZIONI DI SERVIZI - PROGETTO EUROPEO PROSECO - VEDASI CAP. 12700010 ENTRATA - sett.068 || FONDI EUROPEI - PRESTAZIONI DI SERVIZI NEBA INTERREG EUROPE -CUP C19G24000000006 - VEDASI CAP.012500077 -Sett. 068 1531 || INNOVAZIONE FONDI EUROPEI - PRESTAZIONI DI SERVIZI - PROGETTO EUROPEO COFARM4CITIES - VEDASI CAP. 12500070001 ENTRATA - settore 068
B8A0CEA058;DD 8159/2025;;;
B8A3C540F0;DD 7238/2025;063320005002;09;PONTI - VIE D'ACQUA - INFRASTRUTTURE - ACQUISTO DI BENI E SERVIZI - ALTRE PRESTAZIONI PROFESSIONALI - settore 034
B8D6C5FC6F;DD 7371/2025;;;
B8D25843AB;DD 6769/2025;006800018001;01;PERSONALE - ACQUISTO DI SERVIZI - AGGIORNAMENTO E FORMAZIONE DEI LAVORATORI DELLA PUBBLICA AMMINISTRAZIONE - LEGGE N. 122/2010 ART. 6 COMMA 13 - settore 004
B8787236C8;DD 6326/2025;057200007002;06;CENTRI SPORTIVI - ACQUISTO DI BENI E SERVIZI - ALTRE PRESTAZIONI PROFESSIONALI - S.R.E. IVA- settore 010
B8D77A5A0A;DD 6819/2025;;;
B8DD7FDB6A;DD 7406/2025;003850006001|009150002001;01;GABINETTO DEL SINDACO - ACQUISTO DI SERVIZI - LICENZE D'USO PER SOFTWARE - sett. 001 || GABINETTO DEL SINDACO - COMUNICAZIONE ISTITUZIONALE ED INFORMAZIONE - PRESTAZIONI DI SERVIZI - SPESE PER LA COMUNICAZIONE - settore 001
B8D6FF412E;DD 6950/2025;033900001018;03;POLIZIA LOCALE E AMMINISTRATIVA - SPESE GENERALI - SPESE DI FUNZIONAMENTO - MANUTENZIONE ORDINARIA E RIPARAZIONI DI ATTREZZATURE - settore 048
B8D1C997AC;DD 6923/2025;001500002003;01;DECENTRAMENTO E COORDINAMENTO CIRCOSCRIZIONI - PRESTAZIONI DI SERVIZI - Piano PEBA - settore 094
B8D7A64E2B;DD 6814/2025|DD 7457/2025;097500011001;14;FONDI EUROPEI - ACQUISTO DI BENI E SERVIZI - PROGETTO iCAPITAL - VEDASI CAP. 12700008 ENTRATA - sett. 068
B8D151B8E3;DD 7260/2025;028100001002;01;APP. AVANZO TRASFERIMENTI 1387-EDIFICI COMUINALI - MANUTENZIONE ORDINARIA E RIPARAZIONE DEI BENI IMMOBILI- VEDASI CAP 6800012 E - 1387- Sett. 030
B86F432441;DD 6011/2025|DD 7288/2025;046150009001;04;PROGETTI EDUCATIVI - PRESTAZIONI DI SERVIZI - TRASPORTI - S.R.E. IVA - settore 007 - R.IVA
B8B23E69FB;DD 6948/2025;;;
B876CE0AC8;DD 6276/2025;126100010001|153200005001;04|12;PNRR M4 C1 -11.1 - CUP. C11B21002270001 SCUOLE MATERNE - COSTR. POLI INFANZIA 0-6 EX ART. 1 C.59 L.27/12/19 N. 160 - DPCM 30/12/20 - CSO MASSIMO VEDASI CAP.31520011-32470001 ENTRATA Sett. 31 || PNRR M4 C1-11.1 - CUP. C11B21002270001 ASILI NIDO - COSTRUZ POLI INFANZIA 0-6 EX ART. 1 C.59 L.27/12/19 N. 160 - DPCM 30/12/20 -CSO MASSIMO VED CAP. 31520011-32470001 EN - S.R.E. IVA - Sett. 31
B8CA5B3970;DD 7369/2025;;;
B91E269D30;DD 7480/2025;118600000002;01;ACQUISTO ATTREZZATURE E SOFTWARE PER SISTEMA INFORMATIVO - settore 027
B909B191DB;DD 7986/2025;017500001001;01;EDIFICI COMUNALI GESTIONE TECNICA - ACQUISTO DI SERVIZI - INCARICHI PROFESSIONALI ALLA PROGETTAZIONE - settore 030
B8FE09BBE6;DD 7248/2025;034300024001;03;P0LIZIA MUNICIPALE - PRESTAZIONI DI SERVIZI -PROGETTO PREVENZIONE E CONTRASTO TRUFFE AGLI ANZIANI - VEDASI CAP. 6610002 ENTRATA - settore 048
B90E9CD482;DD 7295/2025;034300042002;03;POLIZIA LOCALE - ACQUISTO DI BENI E SERVIZI - PROGETTO MOBILITA' SICURA - CAMPAGNA COMUNICAZIONE- VEDASI CAP. 015400013 ENTRATA - Sett. 048 1629
B9157CCA0B;DD 8752/2025;;;
B9078D17AA;DD 7417/2025;126150001002;04;SCUOLE MATERNE - ACQUISTI - MOBILI E ARREDI UFFICI - settore 007
B90249FCBC;DD 8340/2025;132200004002;05;PNRR M5C2-I2.2 CUP C14H22000020006 PIU A2 - ACQUISTO ATTREZZATURE INFORMATICHE PER LE BIBLIOTECHE CIVICHE TORINESI - VEDASI CAP. 31520008 ENTRATA - SETT. 27
B937D3E4B4;DD 9034/2025;155600003001;12;PNRR M5C2-I2.2 CUP C17H22000200006 PIU A24 -INTERVENTO DI MANUTEN. STRAORD. DEL COMPLESSO DELL'EX IRV DI CORSO UNIONE SOVIETICA 220 PER IL POTENZIAMENTO SERVIZI SOCIALI - V. CAP. 31520008 E.- S. 63
B8E7A4569D;DD 7512/2025;132200004006;05;PNRR M5C2-I2.2 CUP C14H22000020006 PIU A2 - RIFACIMENTO SITO BIBLIOTECHE CIVICHE TORINESI - VEDASI CAP. 31520008 ENTRATA - SETT. 27
B90E5B647F;DD 7792/2025;080200003001|080200009001;12;ASILI NIDO ED INTERVENTI INNOVATIVI PER LA PRIMA INFANZIA - ACQUISTO DI SERVIZI - GESTIONE ESTERNA NIDI - S.R.E. IVA - settore 007 - R.IVA || ASILI NIDO ED INTERVENTI INNOVATIVI PER LA PRIMA INFANZIA - ACQUISTO DI SERVIZI - NIDI E SERVIZI CONVENZIONATI - S.R.E. IVA - settore 007
B90DA5C663;DD 7608/2025;080200009001;12;ASILI NIDO ED INTERVENTI INNOVATIVI PER LA PRIMA INFANZIA - ACQUISTO DI SERVIZI - NIDI E SERVIZI CONVENZIONATI - S.R.E. IVA - settore 007
B8EC5C32F0;DD 7121/2025;;;
B937ED2219;DD 9034/2025;155600003001;12;PNRR M5C2-I2.2 CUP C17H22000200006 PIU A24 -INTERVENTO DI MANUTEN. STRAORD. DEL COMPLESSO DELL'EX IRV DI CORSO UNIONE SOVIETICA 220 PER IL POTENZIAMENTO SERVIZI SOCIALI - V. CAP. 31520008 E.- S. 63
B8F55C8C30;DD 7290/2025;;;
B8E4F5039B;DD 7477/2025;;;
B91E30D489;DD 7843/2025;118630008005;01;SISTEMI INFORMATIVI - PN METRO PLUS - GESTIONE DELLA RELAZIONE CITTADINO - IMPRESE - TO1.1.2.1.E - VEDASI CAP.032500002001 ENTRATA - SETT.27
B8F194087D;DD 8831/2025;087530002001;12;SERVIZI SOCIALI - FORMAZIONE DEGLI OPERATORI SOCIALI - PRESTAZIONI DI SERVIZI - ATTIVITA' DIDATTICHE - VEDASI CAP.15400 006 ENTRATA - settore 019
B90A987A3B;DD 8483/2025;018650002002;09;SPESE PER AZIONI E INTERVENTI DI ENERGY MANAGEMENT - settore 008
B88ACB2759;DD 6586/2025;003500002001;01;GABINETTO DEL SINDACO - COORD. AMM.VO - RAPPORTI CON LE ASSOCIAZIONI E CERIMONIALE - ACQUISTO DI BENI E SERVIZI - SPESE PER OSPITALITA' E ACCOGLIENZA - Set. 001
B92DCD9817;DD 8289/2025;056000007005|057300005002;06;CENTRI SPORTIVI - ACQUISTO DI BENI E SERVIZI - NOLEGGIO MACCHINE RASAGHIACCIO A CARICO DELLA CITTA' - S.R.E. IVA - settore 010 - R.IVA || MANIFESTAZIONI SPORTIVE - TRASFERIMENTI ED EROGAZIONI - CONTRIBUTI PER MANIFESTAZIONI NAZIONALI INTERNAZIONALI E PER ATTIVITA' SPORTIVE - settore 010
B909C91822;DD 7496/2025;054200001006;06;SPORT E TEMPO LIBERO - SPESE GENERALI - MANUTENZIONE E PULIZIA LOCALI - settore 062 - S.R.E. IVA
B949507785;DD 8829/2025;;;
B8FFCB8F0C;DD 7182/2025|DD 7090/2025;051400010005;05;CULTURA - PRESTAZIONI DI SERVIZI - SERVIZI PER INIZIATIVE CULTURALI - settore 065
B8FD178E25;DD 7227/2025;;;
B90F36E6B0;DD 7749/2025;078400001001;09;VERDE PUBBLICO - ACQUISTO DI SERVIZI - LAVORI E MANUTENZIONI - settore 046
B9182D4CBB;DD 7364/2025;046150018004;04;APP. AVANZO TRASFERIMENTI - PROGETTI EDUCATIVI - PRESTAZIONI DI SERVIZI -PROGETTI EDUCATIVI ED ALTRE ATTIVITA' PER IL SISTEMA EDUCATIVO - VEDANSI CAPP. 15100008-15100050 ENTRATA - settore 007
B8EE640258;DD 7180/2025;056000011001;06;CENTRI SPORTIVI - ACQUISTO DI SERVIZI - SPESE PER PULIZIA E SMALTIMENTO RIFIUTI - S.R.E. IVA - Sett. 085 R. IVA
B91E2778BF;DD 8582/2025;002100001007|014200000007|017500004001|048600001006|075500001006;01|05|09;AMBIENTE - SPESE GENERALI - MANUTENZIONE E PULIZIA LOCALI - settore 030 || BIBLIOTECHE CIVICHE - SPESE GENERALI - MANUTENZIONE E PULIZIA LOCALI - settore 030 || CIRCOSCRIZIONI COMUNALI - SPESE GENERALI - SPESE DI FUNZIONAMENTO - MANUTENZIONE E PULIZIA LOCALI - settore 030 || EDIFICI COMUNALI GESTIONE TECNICA - ACQUISTO DI SERVIZI - ATTUAZIONE DISPOSTI DI LEGGE - D.LGS.81/2008 - settore 030 || GESTIONE DEI BENI DEMANIALI E PATRIMONIALI - SPESE GENERALI DI FUNZIONAMENTO - MANUTENZIONE E PULIZIA LOCALI - settore 030
B93E8915CA;DD 8642/2025;148200006001;11;PROTEZIONE CIVILE - ACQUISTO MATERIALI VARI ED ATTREZZATURE TECNICHE - SETT. 028
B93169D38A;DD 7882/2025;018940001006;01;SISTEMA SICUREZZA E PRONTO INTERVENTO - PRESTAZIONI DI SERVIZI - MANUTENZIONE E PULIZIA LOCALI - settore 111
B9039CE7F1;DD 7626/2025;132200004003;05;PNRR M5C2-I2.2 CUP C14H22000020006 PIU A2 -ACQUISTO ATTREZZATURE INFORMATICHE, IMPIANTI AUDIOVISIVI E SISTEMA DI VIDEOSORVEGLIANZA PER LE BIBLIOTECHE CIVICHE TORINESI - VED. CAP. 31520008 E. - S. 25
B8F24ECA43;DD 7228/2025;098700014003;14;COMMERCIO E MERCATI - ACQUISTO DI MATERIALI - MATERIALI VARI - settore 134
B8E6400600;DD 7119/2025;116300002002;01;GESTIONE PARCO VEICOLI - MAGAZZINI E AUTORIMESSE - ACQUISTI - AUTOVEICOLI MOTOVEICOLI BICICLETTE ED ATTREZZATURE MECCANICHE VARIE - settore 055
B9290F144D;DD 8377/2025;012600024001;01;TRIBUTI E CATASTO - ACQUISTO DI SERVIZI - SERVIZI INFORMATICI - settore 013
B9342ACF40;DD 8763/2025|DD 8657/2025;108500002004;01;ORGANI ISTITUZIONALI PARTECIPAZIONE E DECENTRAMENTO - MANUTENZIONE STRAORDINARIA - settore 030
B8F7B909C7;DD 7229/2025|DD 8471/2025;098700011001|098700012003;14;COMMERCIO E MERCATI - ACQUISTO DI BENI E SERVIZI - ATTIVITA' DI PROMOZIONE DEL COMMERCIO - SETT. 134 || COMMERCIO E MERCATI - ACQUISTO DI BENI E SERVIZI - INIZIATIVE PER IL COMMERCIO - MANIFESTAZIONI - SETT. 134
B938224F86;DD 8470/2025;;;
B947ADE0FD;DD 8862/2025;;;
B90CA0D113;DD 7646/2025;002610002001;01;ALTRI SERVIZI GENERALI - ACQUISTO BENI DI CONSUMO - GIORNALI E RIVISTE - settore 005
B93120CED6;DD 8568/2025;060500009002;07;TURISMO - ACQUISTO DI BENI E SERVIZI - INIZIATIVE E MANIFESTAZIONI NAZIONALI ED INTERNAZIONALI ANCHE A RILIEVO TURISTICO - sett.0 69
B9345F4474;DD 8372/2025;057200007002;06;CENTRI SPORTIVI - ACQUISTO DI BENI E SERVIZI - ALTRE PRESTAZIONI PROFESSIONALI - S.R.E. IVA- settore 010
B8CEA91E2B;DD 7006/2025;026900003001;01;SISTEMI INFORMATIVI - ACQUISTO DI SERVIZI - SISTEMA INFORMATIVO COMUNALE - settore 027
B94984A895;DD 9018/2025;;;
B8BB433EA7;DD 6979/2025;118800000008;01;APP. AVANZO ACCANTONAMENTI 1526 - ACQUISTO ATTREZZATURE TECNOLOGICHE HARDWARE SISTEMI DI TELECOMUNICAZIONE E SICUREZZA - settore 027
B7FA0858F4;DD 5499/2025;026900012001;01;SISTEMI INFORMATIVI - ACQUISTO DI SERVIZI - BILANCIO CONSOLIDATO - settore 027
B90CC50EDD;DD 8765/2025|DD 8581/2025;014200000007|017500004001|017500005001|028000000003;01;DEMOLIZIONE STRUTTURE - settore 030 || EDIFICI COMUNALI GESTIONE TECNICA - ACQUISTO DI SERVIZI - ATTUAZIONE DISPOSTI DI LEGGE - D.LGS.81/2008 - settore 030 || EDIFICI COMUNALI GESTIONE TECNICA - ACQUISTO DI SERVIZI - RIMOZIONE E SMALTIMENTO DI RIFIUTI TOSSICO-NOCIVI E DI ALTRI MATERIALI - Set 030 || GESTIONE DEI BENI DEMANIALI E PATRIMONIALI - SPESE GENERALI DI FUNZIONAMENTO - MANUTENZIONE E PULIZIA LOCALI - settore 030
B9407CBAA4;DD 8108/2025;126150001002;04;SCUOLE MATERNE - ACQUISTI - MOBILI E ARREDI UFFICI - settore 007
B8F826A13C;DD 8053/2025;002620006001;01;ALTRI SERVIZI GENERALI - PRESTAZIONI DI SERVIZI - SPESE PUBBLICAZIONE BANDI - settore 005
B86C5001E0;DD 5923/2025;;;
B9236639E7;DD 7617/2025;063320009001;09;PONTI - VIE D'ACQUA - INFRASTRUTTURE - PRESTAZIONI DI SERVIZI - MANUTENZIONE PONTI, ALVEI FLUVIALI E RIVI COLLINARI - settore 034
B92A8389D1;DD 8163/2025;063320009001;09;PONTI - VIE D'ACQUA - INFRASTRUTTURE - PRESTAZIONI DI SERVIZI - MANUTENZIONE PONTI, ALVEI FLUVIALI E RIVI COLLINARI - settore 034
B92D8C7C33;DD 7706/2025;126150001002|153500001002;04|12;ASILI NIDO - ACQUISTI - MOBILI E ARREDI UFFICI - settore 007 - R.IVA || SCUOLE MATERNE - ACQUISTI - MOBILI E ARREDI UFFICI - settore 007
B8FC559D78;DD 7245/2025;034300028001;03;POLIZIA MUNICIPALE - PRESTAZIONI DI SERVIZI - LICENZE SOFTWARE - SETT. 048
B9216D4EE5;DD 7835/2025;006800009001|006800018001;01;PERSONALE - ACQUISTO DI SERVIZI - AGGIORNAMENTO E FORMAZIONE DEI LAVORATORI DELLA PUBBLICA AMMINISTRAZIONE - LEGGE N. 122/2010 ART. 6 COMMA 13 - settore 004 || PERSONALE - ACQUISTO DI SERVIZI - SPESE PER FORMAZIONE DEI LAVORATORI DELLA PUBBLICA AMMINISTRAZIONE DERIVANTI DA OBBLIGHI DI LEGGE - settore 004
B907DEAC94;DD 8040/2025;118800000008;01;APP. AVANZO ACCANTONAMENTI 1526 - ACQUISTO ATTREZZATURE TECNOLOGICHE HARDWARE SISTEMI DI TELECOMUNICAZIONE E SICUREZZA - settore 027
B90BFDE9B3;DD 7325/2025;;;
B915EFFAEF;DD 8538/2025;;;
B9367A3062;DD 7918/2025;;;
B8E724D328;DD 7115/2025;033820001002;03;POLIZIA MUNICIPALE - ACQUISTO BENI DI CONSUMO - FORNITURE VESTIARIO E CALZATURE - settore 048
B7FAF7F4E0;DD 5723/2025;118630008002;01;SISTEMI INFORMATIVI - PN METRO PLUS - SERVIZI DIGITALI ALLE IMPRESE - TO1.1.2.1.B - VEDASI CAP.032500002001 ENTRATA - SETT.27
B90015F5E7;DD 7321/2025;021750006001;01;SERVIZIO ELETTORALE - SPESE DERIVANTI DA AGGIORNAMENTO LISTE ELETTORALI DA DISPOSIZIONI MINISTERIALI - Sett.018
B93EA2EA9A;DD 7909/2025;033820001002;03;POLIZIA MUNICIPALE - ACQUISTO BENI DI CONSUMO - FORNITURE VESTIARIO E CALZATURE - settore 048
B86C534CC6;DD 5922/2025;026900003001;01;SISTEMI INFORMATIVI - ACQUISTO DI SERVIZI - SISTEMA INFORMATIVO COMUNALE - settore 027
B8EF7C684D;DD 7251/2025;026900003001;01;SISTEMI INFORMATIVI - ACQUISTO DI SERVIZI - SISTEMA INFORMATIVO COMUNALE - settore 027
B86C44036E;DD 6277/2025;026900003001;01;SISTEMI INFORMATIVI - ACQUISTO DI SERVIZI - SISTEMA INFORMATIVO COMUNALE - settore 027
B8E6F619E1;DD 7004/2025;026900003001;01;SISTEMI INFORMATIVI - ACQUISTO DI SERVIZI - SISTEMA INFORMATIVO COMUNALE - settore 027
B7C8BE8031;DD 4971/2025;026900011001;01;SISTEMI INFORMATIVI - ACQUISTO DI SERVIZI - SERVIZI APPLICATIVI CONTABILITA' - settore 027
B87F8C194E;DD 6503/2025;026900003001;01;SISTEMI INFORMATIVI - ACQUISTO DI SERVIZI - SISTEMA INFORMATIVO COMUNALE - settore 027
B9261AF4B7;DD 8749/2025;136100012002;06;APP. AVANZO INVESTIMENTI 1547- CENTRI SPORTIVI - ACQUISTO MATERIALE VARIO - S.R.E. IVA - Sett. 10 - R. IVA
B9363C710F;DD 7795/2025;026900003001;01;SISTEMI INFORMATIVI - ACQUISTO DI SERVIZI - SISTEMA INFORMATIVO COMUNALE - settore 027
B7C8B3D313;DD 4970/2025;118630008003;01;SISTEMI INFORMATIVI - PN METRO PLUS - DIGITALIZZAZIONE E CHANGE MANAGEMENT - TO1.1.2.1.C - VEDASI CAP.032500002001 ENTRATA - SETT.27
B7C8440EBB;DD 5501/2025;118630008001;01;SISTEMI INFORMATIVI - PN METRO PLUS - SERVIZI DIGITALI ALLA PERSONA - TO1.1.2.1.A - VEDASI CAP.032500002001 ENTRATA - SETT.27
B86C49CF56;DD 5996/2025;118630001001;01;SISTEMI INFORMATIVI - CONTRIBUTI AGLI INVESTIMENTI PER SISTEMA INFORMATIVO - settore 027
B9AC452AA3;DD 8828/2025;026900008001;01;SISTEMI INFORMATIVI - ACQUISTO DI SERVIZI - SERVIZI DI ENDPOINT MANAGEMENT ASSISTENZA PDL - settore 027
B92838C699;DD 7895/2025;003300003001;01;GABINETTO DEL SINDACO - COORD. AMM.VO - RAPPORTI CON LE ASSOCIAZIONI E CERIMONIALE - ACQUISTO DI MATERIALI - MATERIALI VARI - settore 001
B96119D94C;DD 8782/2025;132200004003;05;PNRR M5C2-I2.2 CUP C14H22000020006 PIU A2 -ACQUISTO ATTREZZATURE INFORMATICHE, IMPIANTI AUDIOVISIVI E SISTEMA DI VIDEOSORVEGLIANZA PER LE BIBLIOTECHE CIVICHE TORINESI - VED. CAP. 31520008 E. - S. 25
B9759765B4;DD 8647/2025;118630008001;01;SISTEMI INFORMATIVI - PN METRO PLUS - SERVIZI DIGITALI ALLA PERSONA - TO1.1.2.1.A - VEDASI CAP.032500002001 ENTRATA - SETT.27
B959A4F53F;DD 8631/2025;;;
B967510ABA;DD 8622/2025;152160006001|152160012001;09;GESTIONE VERDE - ACQUISTI - PIANTAMENTI DI ALBERI - VEDASI CAP. 37450040 ENTRATA - Settore 046 || VERDE PUBBLICO - ACQUISTI PER RIQUALIFICAZIONE AREE VERDI - VEDASI CAP. 37450040 ENTRATA - sett. 046
B9794D1105;DD 8745/2025;004300032003|004300053001|004300070001|004300070002;19;COOPERAZIONE INTERNAZIONALE E PACE - ACQUISTO DI BENI E SERVIZI - AICS MAECI - PROGETTO ESPRIT - SENEGAL - INTERINALI - VEDASI CAP. 011480002 ENTRATA - SET. 004 - 1600 || COOPERAZIONE INTERNAZIONALE E PACE - ACQUISTO DI BENI E SERVIZI - AICS MAECI - PROGETTO ESPRIT - SENEGAL - VEDASI CAP. 011480002 ENTRATA - SET. 113 - 1600 || COOPERAZIONE INTERNAZIONALE E PACE - PRESTAZIONI DI SERVIZI - FORMAZIONE DOCUMENTAZIONE SENSIBILIZZAZIONE LOCALE E ATTIVITA' DI ORIENTAMENTO || COOPERAZIONE INTERNAZIONALE E PACE - PRESTAZIONI DI SERVIZI - URBAN FOOD POLICY - settore 113
B97D935114;DD 8684/2025;;;
B9591735A2;DD 8673/2025;;;
B999B4AC71;DD 8604/2025;003300003001;01;GABINETTO DEL SINDACO - COORD. AMM.VO - RAPPORTI CON LE ASSOCIAZIONI E CERIMONIALE - ACQUISTO DI MATERIALI - MATERIALI VARI - settore 001
B96D225B0A;DD 9066/2025;108500002008;01;APP. AVANZO INVESTIMENTI 741 - ORGANI ISTITUZIONALI PARTECIPAZIONE E DECENTRAMENTO - MANUTENZIONE STRAORDINARIA - settore 030
B95A6B1D34;DD 8218/2025;082400068001;06;LEGGE 285/97 - PROGETTI LEGGE 285/97 - PRESTAZIONI DI SERVIZI - SERVIZI DIVERSI - settore 050
B9846DCDFC;DD 8637/2025;;;
B9A903BE3E;DD 8998/2025;;;
B991F85928;DD 9008/2025;152000022001;09;FPV - PNRR M5C2-I2.2 CUP C18E22000010006 PIU A14-MANUTENZIONE STRAORDINARIA AREE VERDI PARCO TESORIERA E PARCO RIGNON - VEDASI CAP. 31520008 ENTRATA - SETT. 117
B966744808;DD 8383/2025;098700012002;14;COMMERCIO E MERCATI - ACQUISTO DI BENI E SERVIZI - AZIONI A SUPPORTO DELLE ATTIVITA' DEL DISTRETTO URBANO DEL COMMERCIO DI TORINO - SETT. 134
B976916A9A;DD 8658/2025;114000001001;01;SISTEMI INFORMATIVI - PROGETTO OTTIMIZZAZIONE GESTIONE ENTRATE TRIBUTARIE - ACQUISTO DI SERVIZI FINANZIATO DA FONDAZIONE COMPAGNIA DI SAN PAOLO - VEDASI CAP. 37800016 ENTRATA - sett. 027
B97DBE8B4C;DD 8985/2025;;;
B9993874BA;DD 8636/2025;003300003001;01;GABINETTO DEL SINDACO - COORD. AMM.VO - RAPPORTI CON LE ASSOCIAZIONI E CERIMONIALE - ACQUISTO DI MATERIALI - MATERIALI VARI - settore 001
B934FD39CB;DD 8350/2025;009150001001;01;GABINETTO DEL SINDACO - RIPROGRAFIA - UTILIZZO BENI DI TERZI - NOLEGGIO ATTREZZATURE - settore 001
B96AE2CB88;DD 8360/2025;046150029001|088810004002;04|12;LEGGE 285/97- PROGETTI LEGGE 285/97- PRESTAZIONI DI SERVIZI - ATTIVITA' FORMATIVE sett. 007 || PROGETTI EDUCATIVI- PRESTAZIONI DI SERVIZI- ATTIVITA' FORMATIVE- sett. 007
B95A89087E;DD 8281/2025;;;
B9BE46221F;DD 8939/2025;048800026001;05;BIBLIOTECHE CIVICHE - ACQUISTO DI SERVIZI - TRASPORTI E TRASLOCHI - settore 025
B9696462CF;DD 8356/2025;063320005002;09;PONTI - VIE D'ACQUA - INFRASTRUTTURE - ACQUISTO DI BENI E SERVIZI - ALTRE PRESTAZIONI PROFESSIONALI - settore 034
B957E41E76;DD 8832/2025;;;
B94CF0205C;DD 8092/2025;051400010005;05;CULTURA - PRESTAZIONI DI SERVIZI - SERVIZI PER INIZIATIVE CULTURALI - settore 065
B972902998;DD 8451/2025;164150001013;14;APP. AVANZO LEGGE - COMMERCIO - ACQUISTI DI BENI PER LA QUALIFICAZIONE DEI LUOGHI DEL COMMERCIO - VEDASI CAP. 37150000 ENTRATA - settore 016
B96F1DF987;DD 8640/2025;157900004001;12;SERVIZI SOCIALI - ACQUISTI PER ATTIVITA' SFEP - VEDASI CAP. 046500112 E - SETT. 019
B96C850DF1;DD 8518/2025;020650007001;01;EDILIZIA ABITATIVA PUBBLICA E PER IL SOCIALE - ACQUISTO DI SERVIZI - INCARICHI DI PROGETTAZIONE - Settore 063
B99C07045A;DD 9091/2025|DD 8900/2025;054300003002;06;PISCINE APERTE AL PUBBLICO TENNIS E PATTINAGGIO SU GHIACCIO - ACQUISTO DI MATERIALI - S.R.E. IVA - MATERIALI VARI - settore 005
B94976B091;DD 7907/2025;003610002001;01;GABINETTO DEL SINDACO - COORD. ATTIVITA' DI SUPPORTO AL CAPO GABINETTO - LOOK E SPONSORIZZAZIONI DELLA CITTA' - ATTIVITA' PROMOZIONALI URBANA DI LOOK E VARIE - settore 001
B95F3A6EFB;DD 8312/2025;012600024001;01;TRIBUTI E CATASTO - ACQUISTO DI SERVIZI - SERVIZI INFORMATICI - settore 013
B9614A7B52;DD 9049/2025|DD 8681/2025;136100010002;06;PNRR M5C2-I2.2 CUP C12H22000010006 PIU A26 - MANUTENZIONE STRAORDINARIA DIFFUSA PISCINE LOMBARDIA E FRANZOJ - S.R.E. IVA - VEDASI CAP. 31520008 ENTRATA - SETT 62
B9C35A407A;DD 8990/2025;;;
B9625FFB53;DD 8579/2025;001500001004|003100000008|005900000007|008400000007|010600001007|017300000006|017500004001|022600001006|026100000006|028000000003|033900001007|048600001006|059000001004|087800001006;01|03|05|07|15;ALTRI SERVIZI GENERALI - PRESTAZIONI DI SERVIZI - SPESE DI FUNZIONAMENTO - MANUTENZIONE E PULIZIA LOCALI - settore 030 || AVVOCATURA - SPESE GENERALI DI FUNZIONAMENTO - MANUTENZIONE E PULIZIA LOCALI - settore 030 || BIBLIOTECHE CIVICHE - SPESE GENERALI - MANUTENZIONE E PULIZIA LOCALI - settore 030 || DEMOLIZIONE STRUTTURE - settore 030 || EDIFICI COMUNALI GESTIONE TECNICA - ACQUISTO DI SERVIZI - ATTUAZIONE DISPOSTI DI LEGGE - D.LGS.81/2008 - settore 030 || ELEZIONI E CONSULTAZIONI POPOLARI - ANAGRAFE E STATO CIVILE - SPESE GENERALI - SPESE DI FUNZIONAMENTO - MANUTENZIONE E PULIZIA LOCALI - settore 030 || GESTIONE ECONOMICO, FINANZIARIA, PROGRAMMAZ. E PROVVEDITORATO - SPESE GENERALI DI FUNZIONAMENTO - MANUTENZIONE E PULIZIA LOCALI - settore 030 || ORGANI ISTITUZIONALI - COORD. AMM.VO - RAPPORTI CON LE ASSOCIAZIONI E CERIMONIALE - SPESE GENERALI DI FUNZIONAMENTO - MANUTENZIONE E PULIZIA LOCALI - settore 030 || PARTECIPAZIONI COMUNALI - SPESE GENERALI - MANUTENZIONE E PULIZIA LOCALI - settore 030 || POLIZIA LOCALE E AMMINISTRATIVA - SPESE GENERALI - SPESE DI FUNZIONAMENTO - MANUTENZIONE E PULIZIA LOCALI - settore 030 || SEGRETERIA GENERALE - SPESE GENERALI DI FUNZIONAMENTO - MANUTENZIONE E PULIZIA LOCALI - settore 030 || SERVIZI PER LO SVILUPPO DEL MERCATO DEL LAVORO - SPESE GENERALI - MANUTENZIONE E PULIZIA LOCALI - settore 030 || TURISMO - SPESE GENERALI - MANUTENZIONE E PULIZIA LOCALI - settore 030 || UFFICIO TECNICO - SPESE GENERALI DI FUNZIONAMENTO - MANUTENZIONE E PULIZIA LOCALI - settore 030
B96A22C472;DD 8707/2025;063320005002;09;PONTI - VIE D'ACQUA - INFRASTRUTTURE - ACQUISTO DI BENI E SERVIZI - ALTRE PRESTAZIONI PROFESSIONALI - settore 034
B966517C60;DD 8424/2025;098700001012|098700011001;14;APP. AVANZO TRASFERIMENTI - COMMERCIO E ATTIVITA' PRODUTTIVE - ACQUISTO DI SERVIZI - INIZIATIVE PER LA QUALIF. E PROMOZIONE DEI LUOGHI DEL COMMERCIO VEDASI CAP. 015000087001 ENTRATA- settore 016 1475 || COMMERCIO E MERCATI - ACQUISTO DI BENI E SERVIZI - ATTIVITA' DI PROMOZIONE DEL COMMERCIO - SETT. 134
B980945AA6;DD 8569/2025;048700002001;05;BIBLIOTECHE CIVICHE - ACQUISTO DI MATERIALI - MATERIALE TECNICO E VARIO - settore 025
B967E572A6;DD 8550/2025;018940004001;01;SISTEMA SICUREZZA E PRONTO INTERVENTO - PRESTAZIONI DI SERVIZI - FORMAZIONE ED INFORMAZIONE - PUBBLICAZIONI - D.LGS.81/2008 - settore 111
B94E39AEEF;DD 8726/2025|DD 8543/2025;002620004001;01;ALTRI SERVIZI GENERALI - PRESTAZIONI DI SERVIZI - MANUTENZIONE MOBILI E ATTREZZATURE - settore 005
B966A6B1FF;DD 8970/2025;056720011002;01;INFRASTRUTTURE PER IL COMMERCIO E LO SPORT - ACQUISTO DI BENI E SERVIZI - ALTRE PRESTAZIONI PROFESSIONALI - S.R.E. IVA - settore 062 - R.IVA
B94E3EE444;DD 8113/2025;080200003001;12;ASILI NIDO ED INTERVENTI INNOVATIVI PER LA PRIMA INFANZIA - ACQUISTO DI SERVIZI - GESTIONE ESTERNA NIDI - S.R.E. IVA - settore 007 - R.IVA
B9356ABF95;DD 8088/2025;;;
B9551F613D;DD 8724/2025;;;
B96B306C76;DD 8580/2025;017500001001;01;EDIFICI COMUNALI GESTIONE TECNICA - ACQUISTO DI SERVIZI - INCARICHI PROFESSIONALI ALLA PROGETTAZIONE - settore 030
B968540678;DD 8508/2025;018940003001;01;SISTEMA SICUREZZA E PRONTO INTERVENTO - PRESTAZIONI DI SERVIZI - ATTUAZIONE DISPOSTI DI LEGGE - D.LGS.81/2008 - settore 111
B8B82F7D81;DD 7218/2025;;;
B9695124A3;DD 8905/2025;056720011002;01;INFRASTRUTTURE PER IL COMMERCIO E LO SPORT - ACQUISTO DI BENI E SERVIZI - ALTRE PRESTAZIONI PROFESSIONALI - S.R.E. IVA - settore 062 - R.IVA
B974669D11;DD 8598/2025;098700008001;14;COMMERCIO E ATTIVITA' PRODUTTIVE - ACQUISTO DI SERVIZI - GESTIONE E SISTEMAZIONE AREE MERCATALI - MANUTENZIONE E GESTIONE ATTREZZATURE DIVERSE E SERVIZI DIVERSI PER IL COMMERCIO - settore 016
B98BCECB9F;DD 8564/2025;026900017001;01;SISTEMI INFORMATIVI - ACQUISTO DI BENI E SERVIZI - LICENZE D'USO PER SOFTWARE - SETT. 27
B9797A34D4;DD 8748/2025;004300066001|097200038001|097500004005|097500004006;14|19;APP. AVANZO TRASFERIMENTI 1473- TRANSIZIONE ECOLOGICA FONDI EUROPEI- ACQUISTO DI BENI E SERVIZI - PROGETTO LET'S GOV - VEDASI CAP. 012700002 ENTRATA - Set.068 || FONDI EUROPEI - PRESTAZIONI DI SERVIZI - PROGETTO EUROPEO COFARM4CITIES - FINANZ. MINISTERO - VEDASI CAP. 5100011 ENTRATA - sett. 068 || INNOVAZIONE FONDI EUROPEI - PRESTAZIONI DI SERVIZI - PROGETTO EUROPEO COFARM4CITIES - VEDASI CAP. 12500070001 ENTRATA - settore 068 || TRANSIZIONE ECOLOGICA FONDI ACQUISTO DI BENI E SERVIZI - PROGETTO LET'S GOV - VEDASI CAP. 012700002 ENTRATA - Set.068
B976A8BE68;DD 8895/2025;157400005005;12;APP. AVANZO LEGGI 900 - ACQUISTO BENI IMMOBILI - VEDASI CAP. 29400000 ENTRATA - sett.019
B9419E9E09;DD 8337/2025;118630001001;01;SISTEMI INFORMATIVI - CONTRIBUTI AGLI INVESTIMENTI PER SISTEMA INFORMATIVO - settore 027
B9646E730A;DD 8517/2025;026900003001;01;SISTEMI INFORMATIVI - ACQUISTO DI SERVIZI - SISTEMA INFORMATIVO COMUNALE - settore 027
B941A6CA25;DD 8096/2025;026900003001;01;SISTEMI INFORMATIVI - ACQUISTO DI SERVIZI - SISTEMA INFORMATIVO COMUNALE - settore 027
B94EB452DE;DD 8019/2025;012600029001;01;TRIBUTI E CATASTO - ACQUISTO DI SERVIZI - ACCESSO A BANCHE DATI E PUBBLICAZIONI ONLINE - settore 013
B98D9F7330;DD 8620/2025;086300011001|086300027001;12;SERVIZI SOCIALI - PRESTAZIONI DI SERVIZI - PROGETTI DI INCLUSIONE SOCIALE, OCCUPAZIONALE E DI ACCOGLIENZA - settore 019 || SERVIZI SOCIALI - PRESTAZIONI DI SERVIZI - STRANIERI E E MINORANZE ETNICHE - settore 019
B968532AE9;DD 8896/2025;148250005002;11;PROTEZIONE CIVILE - FONDAZIONE CRT - AMMODERNAMENTO DEL SISTEMA DI TELECOMUNICAZIONI ALTERNATIVE DI EMRGENZA DELLA STRUTTURA COMUNALE DELLA PROT. CIVILE DELLA CITTA' - V. CAP. 037800015 E - sett. 028
B9B38A15C0;DD 8996/2025;;;
B96B90B425;DD 8484/2025;;;
B98DD2B7DE;DD 8744/2025;108400502001;01;APPLICAZIONE AVANZO INVESTIMENTI 1547 - GABINETTO DEL SINDACO - ACQUISTO ATTREZZATURE CENTRO STAMPA - Sett. 001
B9561BC57F;DD 8065/2025;070100010001;08;EDILIZIA RESIDENZIALE PUBBLICA - ACQUISTO DI SERVIZI - CONTROLLI SU AUTOCERTIFICAZIONI - COLLEGAMENTI A BANCHE DATI E DIRITTI DI SEGRETERIA - settore 104
B99DE67EA6;DD 9053/2025;018940003001|148250005001;01|11;PROTEZIONE CIVILE - AMMODERNAMENTO TECNOLOGICO DELLA SALA UNITA' DI CRISI - VEDASI CAP. 037800015 ENTRATA - sett. 028 || SISTEMA SICUREZZA E PRONTO INTERVENTO - PRESTAZIONI DI SERVIZI - ATTUAZIONE DISPOSTI DI LEGGE - D.LGS.81/2008 - settore 111
B9730781C9;DD 8740/2025;163400028002;01;"APP. AVANZO ACCANTONAMENTI 1526 - ACQUISIZIONE STRUMENTAZIONI TECNOLOGICHE PER ATTIVITA' DI IMPLEMENTAZIONE DEL ""PROGETTO DRONI""- sett. 029"
